index,published,topic,term,domain,language,valid,de,title,description,en,la,url,image,archive,content,quote,added,feed,country,ipcc,continent
bac2af4b9bab472a9f02bdb1a1e030ec,2026-02-01T10:30:05Z,Drought,sécheresse martinique,www.tuxboard.com,fr,0.3,"Polare Kälte im Februar: Wetterkarten warnen vor Temperaturen unter dem Normalwert in weiten Teilen Frankreichs. In den kommenden Tagen droht Frankreich ein heftiger Kälteeinbruch. Die ersten Karten deuten auf eine Verschiebung hin... Der Artikel Polarkälte im Februar: Wetterkarten warnen, in weiten Teilen Frankreichs treten Temperaturen unter dem Normalwert auf…","Froid polaire en février: les cartes météo alertent, températures sous les normales sur une large partie de la France","Un vif coup de froid se profile pour la France, dès les prochains jours. Les premières cartes suggèrent un basculement...
L’article Froid polaire en février: les cartes météo alertent, températures sous les normales sur une large partie de la France est appar…","Polar cold in February: weather maps warn of temperatures below normal over a large part of France. A sharp cold snap is looming for France in the coming days. The first cards suggest a shift...
The article Polar cold in February: weather maps warn, temperatures below normal over a large part of France appear...","Polar frigus mense Februario: tabulae tempestatum temperaturas infra normales in magnam partem Franciae monent. Snagium acutus frigus Franciam in dies instat. Primum pecto subcinctus suadeant ...
Articulus frigidus Polar mense Februario: tabulae tempestatum monent, temperaturas infra normales in magna parte Franciae apparent...",https://www.tuxboard.com/froid-polaire-en-fevrier-les-cartes-meteo-alertent-temperatures-sous-les-normales-sur-une-large-partie-de-la-france/,https://www.tuxboard.com/wp-content/uploads/2026/01/1413008-image.jpg,,"Météo février 2026 en France en net refroidissement. Cartes, risques verglas et neige, conseils clés pour adapter trajets et activités.
Un vif coup de froid se profile pour la France, dès les procha… [+4844 chars]",,2026-02-02 11:23:27+00:00,edo,Martinique,CAR,North-America
726cbb6b5e641f6541d039a4a19b539d,2026-02-02T04:00:13Z,Flood,inondations en France,www.courrierinternational.com,fr,0.3,"Olympische Spiele 2026: Wann werden Handball oder Judo bei den Olympischen Winterspielen dabei sein? Während das Wachstum der Sommerspiele Anzeichen einer Verlangsamung zeigt, löst das Entwicklungspotenzial ihrer Winter-Cousins ​​mehrere Sportführer aus: Sie erwägen, auf die Regel zu verzichten, nach der alle Sportarten bei den Olympischen Winterspielen…",Jeux olympiques 2026 : à quand du handball ou du judo aux JO d’hiver ?,"Alors que la croissance des Jeux d’été donne des signes d’essoufflement, le potentiel de développement de leurs cousins d’hiver fait saliver plusieurs dirigeants sportifs : ils envisagent de renoncer à la règle selon laquelle tous les sports des JO d’hiver do…","2026 Olympic Games: when will handball or judo be at the Winter Olympics? While the growth of the Summer Games shows signs of slowing down, the development potential of their winter cousins ​​has several sports leaders salivating: they are considering renouncing the rule according to which all sports in the Winter Olympics must…","2026 Olympia: quando pila aut judo erit in Olympia Hiemalia? Dum ludi aestivi incrementum ostendit tarditatis signa, progressus potentialis cognati sui hiberni plures principes lusos salivating habet: considerant regulam renuntiantes secundum quam omnes ludi in Olympia Hiemalia debent…",https://www.courrierinternational.com/article/vu-d-espagne-jeux-olympiques-2026-a-quand-du-handball-ou-du-judo-aux-jo-d-hiver_239343,https://focus.courrierinternational.com/2025/12/29/0/0/5656/3770/1200/630/60/0/f03cc02_ftp-1-i0nmrfnybpvp-2025-12-29t130907z-493265781-rc2xgcaykck1-rtrmadp-3-olympics-2026-music.JPG,,"Les Jeux olympiques vivent de la télévision. Cela vous surprend ? Les chaînes qui achètent les droits de retransmission sont celles qui offrent la fête. Elles déboursent des sommes faramineuses, mais… [+1089 chars]",,2026-02-03 06:29:18+00:00,wmo,France,WCE,Europe
dc9d428ac7904d137bff18fec4a9e6e2,2026-02-02T05:30:08Z,Earthquake,tremblement de terre à port-vila,www.huffingtonpost.fr,fr,0.3,"Wie sich die Olympischen Winterspiele neu erfinden müssen, um nach 2050 nicht zu verschwinden. Die Mailänder Cortina-Organisation hat einen Schritt unternommen, um die Olympischen Spiele an die globale Erwärmung anzupassen. Es ist jedoch noch ein langer Weg, um sicherzustellen, dass die Veranstaltung im 21. Jahrhundert fortbesteht.",Comment les Jeux olympiques d’hiver doivent se réinventer pour ne pas disparaître après 2050,L’organisation de Milan Cortina a fait un pas pour adapter les JO au réchauffement climatique. Mais la route est encore longue pour faire perdurer la tenue de l’événement tout au long du XXIe siècle.,How the Winter Olympics must reinvent themselves so as not to disappear after 2050. The Milan Cortina organization has taken a step to adapt the Olympics to global warming. But there is still a long way to go to sustain the event throughout the 21st century.,Olympia hiemalia quomodo se renovare debent ut non post 2050 evanescant. Organizationis Mediolanensis Cortina gradum cepit ad Olympia calefactionem globali adaptanda. Sed adhuc longa via est ad rem sustinendam toto saeculo XXI.,https://www.huffingtonpost.fr/environnement/article/comment-les-jeux-olympiques-d-hiver-doivent-se-reinventer-pour-ne-pas-disparaitre-apres-2050_259684.html,https://focus.huffingtonpost.fr/2026/01/27/717/0/8256/4644/1820/1023/75/0/1e9ecb2_upload-1-9kxumtnwagt0-afp-20260126-93wd8nx-v1-highres-oly2026milanocortinapackagelivigno.jpg,,"EN BREFLes JO de Milan Cortina ont décidé déclater les sites de compétition, un premier pas à ladaptation au réchauffement climatique.Le nombre de pays capables daccueillir lévénement va sérieusement… [+6126 chars]",,2026-02-03 06:29:18+00:00,usgs,Vanuatu,SPO,Oceania
5b56214de560801f4d937b96b817f772,2026-02-02T06:00:01Z,Flood,crue éclair france,www.franceinfo.fr,fr,0.3,"Olympische Winterspiele 2026: Mikaela Shiffrin, Sidney Crosby, Johannes Klaebo ... Die 10 Stars, die bei den Cortina-Spielen in Mailand folgen werden. Die Olympischen Winterspiele werden offiziell am Freitag eröffnet, die Veranstaltungen beginnen jedoch bereits am Mittwoch in Italien.","JO d'hiver 2026 : Mikaela Shiffrin, Sidney Crosby, Johannes Klaebo... Les 10 stars à suivre aux Jeux de Milan Cortina","Les Jeux olympiques d'hiver s'ouvrent officiellement vendredi, mais des épreuves commencent dès mercredi en Italie.","Winter Olympics 2026: Mikaela Shiffrin, Sidney Crosby, Johannes Klaebo... The 10 stars to follow at the Milan Cortina Games. The Winter Olympics officially open on Friday, but events begin on Wednesday in Italy.","Olympia hiemalia 2026: Mikaela Shiffrin, Sidney Crosby, Johannes Klaebo... X stellae quae sequuntur in Ludi Mediolanensis Cortinae. Olympia Hiemalia publice Veneris die aperta sunt, sed eventus die Mercurii in Italia incipiunt.",https://www.franceinfo.fr/les-jeux-olympiques/milan-cortina-2026/jo-d-hiver-2026-mikaela-shiffrin-sidney-crosby-johannes-klaebo-les-10-stars-a-suivre-aux-jeux-de-milan-cortina_7772759.html,https://www.franceinfo.fr/pictures/g-5rD6utakczVaWUT3YTpntDCTk/0x0:2000x1124/1500x843/2026/02/01/design-sans-titre-41-697fd3dd94a71443563306.png,,"Le spectacle débute dès le mercredi 4 février. Parmi les 2 900 athlètes sélectionnés pour participer aux Jeux olympiques de Milan Cortina (du 6 au 22 février), franceinfo:sport a sélectionné 10 stars… [+7555 chars]",,2026-02-03 06:29:18+00:00,wmo,France,WCE,Europe
db1030baf2e9db889dda8ba2d790366e,2026-02-02T06:00:00Z,Snow&Ice,glace france,www.challenges.fr,fr,0.7,"„Momente der Angst, wenn ich am Steuer einschlief“: Personalabteilung oder Arzt bei Tag und Qualifikation für die Olympischen Spiele, das Doppelleben französischer Eishockeyspieler. Die meisten Spieler der französischen Eishockeymannschaft, die ab dem 5. Februar ihre ersten Olympischen Winterspiele bestreiten, erhalten kein Gehalt und müssen parallel einem anderen Job nachgehen. Sophie Leclerc, Privatärztin, und Anaé Simon, …","""Des moments de frayeur où je m'endormais au volant"" : RH ou médecin le jour et qualifiées aux JO, la double vie des hockeyeuses françaises","La plupart des joueuses de l’équipe de France de hockey sur glace, qui vont disputer leurs premiers JO d’hiver à partir du 5 février, ne sont pas rémunérées et doivent exercer un autre métier en parallèle. Sophie Leclerc, en médecine libérale, et Anaé Simon, …","“Moments of fear when I fell asleep at the wheel”: HR or doctor by day and qualified for the Olympics, the double life of French hockey players. Most of the players on the French ice hockey team, who will compete in their first Winter Olympics from February 5, are not paid and must work another job in parallel. Sophie Leclerc, in private medicine, and Anaé Simon, …","""Momenta timoris cum in rota dormivi"": HR vel medicus die et Olympiae idoneus, duplex vita Gallicorum hockey histriones. Plerique lusorum in hockey team Gallico, qui in prima Olympia Hiemalia a V Februarii certabunt, non solvi debent et aliud officium in parallelis operari debent. Sophie Leclerc, in medicina privata, et Anaé Simon.",https://www.challenges.fr/economie/des-moments-de-frayeur-ou-je-mendormais-au-volant-rh-ou-medecin-le-jour-et-qualifiees-aux-jo-la-double-vie-des-hockeyeuses-francaises_638223,https://www.challenges.fr/_ipx/f_jpg&enlarge_true&s_1200x630/cha/static/2026-01/48317.HR.jpg%3FVersionId=_uHGIG0OMy2cKLqE6Kd3sCf7f6oqg9Vd,,"À parcourir trop vite le profil LinkedIn dAnaé Simon, on pourrait ny voir quune salariée du secteur des ressources humaines parmi tant d'autres. Dans quelques jours pourtant, la jeune femme délaisser… [+4891 chars]",,2026-02-03 06:29:18+00:00,wmo,France,WCE,Europe
9868f82a96ea9a2e242678a06ccc24a8,2026-02-03T04:45:06Z,Iceberg,glace de mer arctique,www.lemonde.fr,fr,0.3,"Olympische Winterspiele 2026: Die ökologische Belastung durch künstliche Beschneiung. Die Spiele Mailand-Cortina bilden da keine Ausnahme: Der Einsatz von Kunstschnee wird nahezu systematisch erfolgen. Diese Technologie, die Wasser und Energie verbraucht, erforderte erhebliche Entwicklungen, die von Umweltschützern und Umweltschützern kritisiert wurden.",JO d’hiver 2026 : le fardeau écologique de l’enneigement artificiel,"Les Jeux de Milan-Cortina ne font pas exception : le recours à la neige artificielle y sera quasi systématique. Cette technologie, gourmande en eau et en énergie, a nécessité des aménagements importants, critiqués par les défenseurs de l’environnement et des …","Winter Olympics 2026: the ecological burden of artificial snow. The Milan-Cortina Games are no exception: the use of artificial snow will be almost systematic. This technology, which consumes water and energy, required significant developments, criticized by environmental and environmental defenders.","Olympia hiemalia 2026: onus oecologicum nivis artificialis. Ludi Mediolanenses Cortinae non sunt excepti: usus nivis artificialis fere systematicus erit. Haec technica, quae aquam et vim consumit, significantes explicationes requirebat, ab defensoribus environmental et environmental reprehendebatur.",https://www.lemonde.fr/sport/article/2026/02/03/jo-d-hiver-2026-le-fardeau-ecologique-de-l-enneigement-artificiel_6665164_3242.html,https://img.lemde.fr/2026/01/21/0/0/4455/2970/1440/960/60/0/db89398_ftp-1-eexsv30sxg7v-2026-01-21t135035z-1282330389-up1em1l0zrywy-rtrmadp-3-olympics-2026-cortina.JPG,,"Le centre de ski alpin Tofane, avec des canons à neige, en vue des Jeux olympiques dhiver de Milan-Cortina 2026, à Cortina dAmpezzo (Italie), le 21 janvier 2026. GUGLIELMO MANGIAPANE/REUTERS
La déme… [+1179 chars]",,2026-02-05 11:12:03+00:00,random,,,
1d129b62cf673d208125f78482a9f807,2026-02-04T13:07:52Z,Drought,manque de pluie belgique,www.futura-sciences.com,fr,0.3,"Warum überraschte der heftige Sturm in Antibes gestern Abend, der stundenlang anhielt, selbst Meteorologen? Es handelt sich um einen der größten Stürme der letzten Jahre an der Mittelmeerküste: An diesem Dienstagabend ließ ein stationärer Sturm in Antibes in den Alpes-Maritimes 87,5 mm Niederschlag fallen. Sintflutartige Regenfälle, aber auch Hagelströme überfluteten…","Pourquoi le violent orage d’Antibes hier soir, qui a duré des heures, a surpris même les météorologues","C'est l'un des plus gros orages des dernières années sur la côte méditerranéenne : ce mardi soir, un orage stationnaire a déversé 87,5 mm de précipitations à Antibes dans les Alpes-Maritimes. De la pluie diluvienne, mais aussi des rivières de grêle ont inondé…","Why did the violent storm in Antibes last night, which lasted for hours, surprise even meteorologists? This is one of the biggest storms in recent years on the Mediterranean coast: this Tuesday evening, a stationary storm dumped 87.5 mm of precipitation in Antibes in the Alpes-Maritimes. Torrential rain, but also rivers of hail flooded…","Quare tempestate vehemens apud Antipolim heri, quae per horas duravit, etiam astrologi mirantur. Haec una ex maximis tempestatibus proximis annis in ora Maris Mediterranei est: haec Martis vespera, tempestas stationaria proiecit 87,5 mm praecipitationis Antipolis in Alpibus-Maritimes. Imber torrens, sed etiam flumina grandinis inundata…",https://www.futura-sciences.com/planete/actualites/meteorologie-violent-orage-antibes-hier-soir-dure-heures-surpris-meme-meteorologues-130898/,https://cdn8.futura-sciences.com/a1920/images/gr%C3%AAle.jpg,,"Ce cumul de pluie remarquable est tombé entre 19 h 30 et 23 h et il représente l'équivalent d'un mois de pluie à Antibes : ce n'est pas un record, mais il s'agit d'au moins trois fois la quantité de … [+2107 chars]",,2026-02-07 20:56:31+00:00,edo,Belgium,WCE,Europe
907ac79106b04fa710bd1e50014b13c0,2026-02-05T17:00:02Z,Drought,période sèche au Tchad,france3-regions.franceinfo.fr,fr,0.3,"Werke: Wie der Gipfel von Sancy (Puy-de-Dôme) bald aussehen soll. Es ist ein 8-Millionen-Euro-Projekt. Die Mont-Dore-Seilbahn (Puy-de-Dôme) erhält ein Facelift: eine Modernisierung ihrer Abfahrts- und Ankunftsstationen. Die Website wird noch untersucht, die Pläne wurden jedoch bekannt gegeben.",Travaux : à quoi devrait bientôt ressembler le sommet du Sancy (Puy-de-Dôme),C'est un projet à 8 millions d'euros. Le téléphérique du Mont-Dore (Puy-de-Dôme) va s'offrir un lifting : une modernisation de ses gares de départ et d'arrivée. Le chantier est encore à l'étude mais les plans ont été révélés.,Works: what the summit of Sancy (Puy-de-Dôme) should soon look like. It’s an 8 million euro project. The Mont-Dore cable car (Puy-de-Dôme) will be given a facelift: a modernization of its departure and arrival stations. The site is still under study but the plans have been revealed.,Opera: quae summa Sancy (Puy-de-Dôme) propediem similia spectant. VIII decies centena milia euronis consilii est. Funis carrus Mont-Dore (Puy-de-Dôme) facelift dabitur: modernisatio emissiones et statio adventus. Situs adhuc sub studio sed consilia manifesta sunt.,https://france3-regions.franceinfo.fr/auvergne-rhone-alpes/puy-de-dome/travaux-a-quoi-devrait-bientot-ressembler-le-sommet-du-sancy-puy-de-dome-3294261.html,https://france3-regions.franceinfo.fr/image/EohuUwNZFFbJZK9_qZScuLwY544/930x620/regions/2026/02/05/d63-comment-va-tre-r-am-nag-le-t-l-ph-rique-du-mont-dore-00-02-02-08-69846539e2840379099821.jpg,,C'est un projet à 8 millions d'euros. Le téléphérique du Mont-Dore (Puy-de-Dôme) va s'offrir un lifting : une modernisation de ses gares de départ et d'arrivée. Le chantier est encore à l'étude mais … [+2906 chars],,2026-02-08 06:28:44+00:00,edo,Chad,SAH,Africa
2a07a9ca08f407f44fb56cfb5e02112a,2026-02-03T05:55:03Z,Storm,tempête pas de calais,www.slate.fr,fr,0.2,"Kommunalwahlen 2026: Kann die Nationalversammlung ihre gläserne Decke durchbrechen? Ein Jahr vor der Präsidentschaftswahl scheint für die RN die lokale Frist entscheidend zu sein. Die rechtsextreme Partei von Jordan Bardella will einige Rathäuser verändern, um ihre Glaubwürdigkeit vor der Nationalwahl zu erhöhen.",Municipales 2026: le Rassemblement national peut-il briser son plafond de verre?,"À un an de l'élection présidentielle, l'échéance locale apparaît comme décisive pour le RN. Le parti d'extrême droite dirigé par Jordan Bardella souhaite faire basculer quelques mairies, afin d'accroître sa crédibilité avant le scrutin national.","Municipal elections 2026: can the National Rally break its glass ceiling? One year before the presidential election, the local deadline appears to be decisive for the RN. The far-right party led by Jordan Bardella wants to change a few town halls, in order to increase its credibility before the national election.","Comitia municipalia 2026: National concursum suum vitrum laquearia frangere potest? Uno anno ante electionem praesidentialem, loci fatales videntur decretorium pro RN. Factio longe recta a Jordane Bardella ducetur paucas villas atria mutare vult, ut fidem suam ante electionem nationalem augeat.",https://www.slate.fr/politique/elections-municipales-2026-rassemblement-national-fortes-ambitions-double-enjeu-rn-ascension-extreme-droite-france-presidentielle-2027,https://cdn.slate.fr/uploads/store/story_272129/original_272129.jpg,,"La dynamique électorale continuellement ascendante du Rassemblement national (RN) depuis 2012 va-t-elle connaître une nouvelle étape? Le parti lepéniste, désormais ancré comme une force stable et pui… [+16471 chars]",,2026-02-08 20:57:01+00:00,wmo,France,WCE,Europe
394f8833f53c0c899b00f66a1faf0fbc,2026-02-03T14:43:37Z,Snow&Ice,glace suisse,www.futura-sciences.com,fr,0.3,"In Florida ist es kälter als in Island: Wie sich das Klima innerhalb weniger Tage von Norden nach Süden umkehrte. Auf der Nordhalbkugel scheint in den letzten Tagen das Gegenteil der Fall zu sein: In Florida war es kälter als in Alaska und Island, obwohl in Florida angeblich tropisches Klima herrscht.",Il fait plus froid en Floride qu'en Islande : comment le climat a inversé le nord et le sud en quelques jours,"L'hémisphère nord semble fonctionner à l'envers depuis quelques jours : il a fait plus froid en Floride qu'en Alaska et qu'en Islande, alors même que la Floride est censée avoir un climat tropical.","It's colder in Florida than in Iceland: how the climate reversed north and south in a few days. The northern hemisphere seems to be working in reverse in recent days: it has been colder in Florida than in Alaska and Iceland, even though Florida is supposed to have a tropical climate.","Frigidior est in Florida quam in Islandia: quomodo caelum septentrionem et meridiem paucis diebus invertit. Septentrionalis hemisphaerium his diebus retrogradum laborare videtur: frigidior in Florida quam in Alaska et Islandia fuit, etiamsi Florida clima tropica habere existimatur.",https://www.futura-sciences.com/planete/actualites/meteorologie-il-fait-plus-froid-floride-quen-islande-climat-inverse-nord-sud-quelques-jours-130864/,https://cdn8.futura-sciences.com/a1280/images/floride%20froid%20ia.jpg,,"Le climat a-t-il perdu la tête ? Depuis la mi-janvier, l'est de l'Amérique du nord subit des descentes d'air polaire. Le dernier affaissement du vortex polaire, une masse d'air froid habituellement s… [+3366 chars]",,2026-02-08 20:57:01+00:00,wmo,Switzerland,WCE,Europe
a7a9d86f5258abea771e5cca8827aaa6,2026-02-04T15:27:30Z,Storm,onde de tempête madagascar,www.futura-sciences.com,fr,0.3,"Das ist in der Karibik einmalig: Kuba hat gerade eine in der modernen Geschichte beispiellose Wettersituation erlebt. Wenn die eisigen Temperaturen, die Florida im Süden der Vereinigten Staaten in den letzten Tagen heimgesucht haben, bereits außergewöhnlich erschienen, ereignete sich an diesem Dienstag, dem 3. Februar, ein noch historischeres Wetterereignis auf einer Karibikinsel: Frost, und es ist schlimm ...",C’est du jamais vu dans les Caraïbes : Cuba vient de vivre une situation météo inédite dans l’historie moderne,"Si les températures glaciales qui ont touché ces derniers jours la Floride, au sud des États-Unis, semblaient déjà exceptionnelles, un événement météo encore plus historique s’est produit ce mardi 3 février dans une île des Caraïbes : du gel, et c’est du jama…","This is unheard of in the Caribbean: Cuba has just experienced a weather situation unprecedented in modern history. If the freezing temperatures which have affected Florida, in the south of the United States, in recent days already seemed exceptional, an even more historic weather event occurred this Tuesday, February 3 in a Caribbean island: frost, and it's a jam...","Hoc in Caribbean inauditum est: Cuba iam condicionem tempestatis novitas in recenti historia expertus est. Si torpore temperaturae quae Floridam affectaverunt, in Civitatibus Foederatis Americae ad meridiem, proximis diebus iam eximia visa sunt, eventum magis historicum incidit hoc die Martis, 3 Februarii in insula Caribbeana: gelu et malum...",https://www.futura-sciences.com/planete/actualites/meteorologie-cest-jamais-vu-caraibes-cuba-vient-vivre-situation-meteo-inedite-historie-moderne-130910/,https://cdn8.futura-sciences.com/a1920/images/cuba%20froid.jpg,,"Cuba a battu son record absolu de froid avec 0 °C mardi matin, devant le précédent record de 0,6 °C enregistré en 1996. Le nouveau record a été relevé à Indio Hatuey par une station météo officielle,… [+1554 chars]",,2026-02-08 20:57:01+00:00,wmo,Madagascar,MDG,Africa
8febc5231164b6886137aab6b5704830,2026-02-02T14:23:02Z,Precipitation,pluie france,www.futura-sciences.com,fr,0.7,"Regen, Milde, Kälte: Was die neuesten Wettersimulationen für Februar verraten. Der Januar 2026 war in Frankreich von einer Reihe von Regenereignissen geprägt, und das ist keine Überraschung: Die saisonalen Wintervorhersagen hatten ab Anfang Dezember einen sehr unruhigen und nassen Monat Januar vorhergesagt. Was planen Sie…","Pluies, douceur, froid : ce que révèlent les dernières simulations météo pour février","Janvier 2026 a été marqué par une succession de perturbations pluvieuses en France, et ce n’est pas une surprise : les prévisions saisonnières de l’hiver avaient annoncé, dès le début du mois de décembre, un mois de janvier très perturbé et humide. Que prévoi…","Rain, mildness, cold: what the latest weather simulations reveal for February. January 2026 was marked by a succession of rainy disturbances in France, and this is not a surprise: the winter seasonal forecasts had predicted, from the start of December, a very disturbed and wet month of January. What are you planning…","Imber, mansuetudo, frigus: quae postremae tempestates simulationes Februario indicant. Ianuario 2026 tumultus pluviae in Gallia successio designatus est, et hoc mirum non est: praenuntia temporis hiberni praedixerat, ab incepto Decembri, mense Ianuario valde turbato et humido. Quid paras…",https://www.futura-sciences.com/planete/actualites/meteo-pluies-douceur-froid-ce-revelent-dernieres-simulations-meteo-fevrier-130818/,https://cdn8.futura-sciences.com/a1920/images/pluie%20parapluie.jpeg,,"Le « rail des dépressions » qui a envoyé sur la France de multiples perturbations poussées par un flux d'ouest très actif, en provenance de l'océan Atlantique, a donné lieu à des records. Avec 351,8 … [+1920 chars]",,2026-02-08 20:57:01+00:00,wmo,France,WCE,Europe
aac695e043b3ed5702c43aecf203bc7f,2026-02-04T08:53:13Z,Tsunami,tsunami yakutat,www.lemonde.fr,fr,0.3,Spanien: Mehr als 3.000 Evakuierungen im Süden vor sehr starken Regenfällen. Die spanische Wetterbehörde hat für Mittwoch in den Gebieten Cádiz und Ronda im Süden Andalusiens die höchste Alarmstufe Rot herausgegeben und vor einer „außerordentlichen Gefahr“ durch die Depression Leonardo gewarnt.,Espagne : plus de 3 000 évacuations dans le Sud avant de très fortes pluies,"L’agence météorologique espagnole a émis une alerte rouge, le niveau le plus élevé, pour mercredi, dans les zones de Cadix et de Ronda, dans le sud de l’Andalousie, mettant en garde contre « un danger extraordinaire » à cause de la dépression Leonardo.","Spain: more than 3,000 evacuations in the South before very heavy rains. The Spanish weather agency issued a red alert, the highest level, for Wednesday in the areas of Cádiz and Ronda in southern Andalusia, warning of ""extraordinary danger"" from depression Leonardo.","Hispania: plus quam 3,000 evacuationes in Austro ante pluvias gravissimas. Procuratio tempestatis Hispaniae rubrum erectum, summum gradum, die Mercurii in locis Cadiz et Ronda in Andalusia meridionali edidit, monens ""periculum extraordinarium"" a tristitia Leonardo.",https://www.lemonde.fr/planete/article/2026/02/04/espagne-plus-de-3-000-evacuations-dans-le-sud-avant-de-tres-fortes-pluies_6665337_3244.html,https://img.lemde.fr/2026/02/04/22/0/5319/3546/1440/960/60/0/c0fc705_ftp-1-3vfi7nidzppn-2026-02-04t081920z-1733249512-rc2veja6qrb8-rtrmadp-3-europe-weather-spain.JPG,,"Une zone commerciale, à Ronda, dans la province de Malaga, en Andalousie, le 4 février 2026. JON NAZCA / REUTERS
Plus de 3 000 personnes ont été évacuées par précaution dans les provinces de Cadix, … [+2351 chars]",,2026-02-12 21:02:54+00:00,usgs,Canada,NWN,North-America
702ca5a945bada2558706d8e213e0008,2026-02-11T16:36:00Z,Snow Avalanche,avalanche france,www.ledauphine.com,fr,0.7,"Berg. Isère, Savoie, Haute-Savoie... Maximale Lawinengefahr in mehreren Alpenmassiven. Météo France hat das Département Isère wegen der Lawinengefahr ab 22 Uhr in Alarmbereitschaft versetzt. für diesen Mittwoch und für den Donnerstag gab die Präfektur Isère bekannt.","Montagne. Isère, Savoie, Haute-Savoie... Risque d'avalanche maximum dans plusieurs massifs des Alpes","Météo France a placé le département de l’Isère en vigilance orange pour le risque avalanches à compter de 22 heures ce mercredi et pour la journée de jeudi, a annoncé la préfecture de l’Isère.","Mountain. Isère, Savoie, Haute-Savoie... Maximum avalanche risk in several massifs of the Alps. Météo France has placed the Isère department on orange alert for the risk of avalanches from 10 p.m. this Wednesday and for the day of Thursday, announced the Isère prefecture.","Mons. Isère, Savoie, Haute-Savoie... Maximum avalanche periculum in pluribus molibus Alpium. Météo Gallia posuit Isère department in aurantiaco intenti ad periculum avalanches ab 10 a.m. haec Mercurii et Iovis dies praefectura apostolica Isère renuntiavit.",https://www.ledauphine.com/faits-divers-justice/2026/02/11/avalanches-l-isere-en-alerte-orange-risque-maximum-en-oisans,https://cdn-s-www.ledauphine.com/images/C0F6FAB1-6943-40F9-9BBA-8E0718FD6C63/FB1200/photo-1770824367.jpg,,"Météo France a placé le département de l’Isère en vigilance orange pour le risque avalanches à compter de 22 heures ce mercredi et pour la journée de jeudi, a annoncé la préfecture de l’Isère.
« En … [+2159 chars]",,2026-02-13 06:38:28+00:00,wmo,France,WCE,Europe
99ebbc148328c0f9ad01d9c51e02a397,2026-02-06T06:15:43Z,Precipitation,pluie belgique,www.lavenir.net,fr,0.7,"Wetter in Belgien an diesem Freitag: Grau und Regen zum Ende der Woche. Zwischen Grau, Regen und einigen Lichtungen ziehen wir eine Bilanz der IRM-Wettervorhersagen für diesen Freitag, den 6. Februar 2026 in Belgien. ...",Météo en Belgique ce vendredi: de la grisaille et de la pluie pour terminer la semaine,"Entre grisaille, pluie et quelques éclaircies, on fait le point sur les prévisions météo de l'IRM pour ce vendredi 6 février 2026 en Belgique. ...","Weather in Belgium this Friday: gray and rain to end the week. Between gray, rain and some clearings, we take stock of the IRM weather forecasts for this Friday, February 6, 2026 in Belgium. ...","Tempestas in Belgio hac die Veneris: cinerei et pluviae septimana finiuntur. Inter griseas, pluvias et nonnullas purgationes, stirps tempestatum IRM praenotatio accipitur pro die Veneris, die 6 mensis Februarii anno 2026 in Belgio. ...",https://www.lavenir.net/actu/societe/meteo/2026/02/06/meteo-en-belgique-ce-vendredi-de-la-grisaille-et-de-la-pluie-pour-terminer-la-semaine-3XHEAUIVFFHGHOHDS6CCSCNQLU/,https://www.lavenir.net/resizer/v2/534V5WCIJVFVTMVCMQ7EXBPHX4.jpg?auth=e16118dd6d1890544d552ab373bab72f0fa79d799f5b8a84b526ab491c3dacd7&width=1200&height=630&quality=85&focal=2464%2C1632,,"La grisaille persistera vendredi sur le Plat pays. Toile d'un peintre peu inspiré, le ciel jouera dans le monochrome, éclaboussé par quelques averses.
La nébulosité sera abondante dès le lever du jo… [+407 chars]",,2026-02-13 11:11:02+00:00,wmo,Belgium,WCE,Europe
d6989d6678ae5fe19d81067ff840cd6a,2026-02-04T18:00:00Z,Drought,période sèche france,www.frandroid.com,fr,0.3,"Realme Buds Clip-Test: Der zugängliche Open-Ear, dem es nicht an Schlagkraft mangelt. Mit seinen ersten Open-Clip-Kopfhörern betritt realme ein boomendes Segment und bietet eine kostengünstige Alternative zu den Marktriesen. Mission erfüllt.",Test des realme Buds Clip : l’open-ear accessible qui ne manque pas de punch,"Avec ses premiers écouteurs ouverts à clip, realme s'invite sur un segment en pleine effervescence et propose une alternative économique aux mastodontes du marché. Mission accomplie.","Realme Buds Clip review: the accessible open-ear that doesn’t lack punch. With its first open clip headphones, realme is entering a booming segment and offering an economical alternative to the market behemoths. Mission accomplished.","Regnum Buds Clip recenseo: pervia auricula aperta quae ferrum non caret. Cum primo aperto capite headphones tondeo, regnum sonans segmentum intrat et oeconomicum jocus forum behemoths offert. Missiones peractae.",https://www.frandroid.com/marques/2965263_test-des-realme-buds-clip-lopen-ear-accessible-qui-ne-manque-pas-de-punch,"https://c0.lestechnophiles.com/images.frandroid.com/wp-content/uploads/2026/02/dscf4652-copie-2.jpg?resize=1600,900&key=a8450e95&watermark",,"Les écouteurs realme Buds Clip // Source : Tristan Jacquel
Les écouteurs ouverts ont le vent en poupe. Après les Huawei FreeClip 2, les Nothing Ear (open) ou encore les Shokz OpenFit Pro, c’est au t… [+13788 chars]",,2026-02-13 16:11:18+00:00,edo,France,WCE,Europe
10668f9194f3206c3599f5025e48bb44,2026-02-12T16:00:22Z,Storm,onde de tempête canada,www.phonandroid.com,fr,0.3,"Sony WF-1000XM6 Test: Geräuschreduzierung, bei der es nicht an Luft mangelt. Nach der Erweiterung seines Mittelklasse-Angebots mit dem Linkbuds Clip kehrt Sony in das High-End-Segment der TWS-Kopfhörer zurück. Zweieinhalb Jahre nach dem XM5...",Test Sony WF-1000XM6 : une réduction de bruit qui ne manque pas d’air,"Après avoir étoffé son offre milieu de gamme avec les Linkbuds Clip, Sony revient sur le segment des écouteurs TWS haut de gamme. Deux ans et demi après les XM5,...","Sony WF-1000XM6 test: noise reduction that doesn't lack air. After expanding its mid-range offering with the Linkbuds Clip, Sony is returning to the high-end TWS earphone segment. Two and a half years after the XM5,...","Sony WF-1000XM6 test: sonus reductionis qui aere non caret. Post dilatationem suam medietatem oblationis cum Linkbuds Clip, Sony ad summum finem TWS earphone segmentum revertitur. Duobus annis et dimidio post XM5,...",https://www.phonandroid.com/test-sony-wf-1000xm6.html,https://wp-pa.phonandroid.com/uploads/2026/02/sony-wf-1000xm5-test-1.jpg,,"Après avoir étoffé son offre milieu de gamme avec les Linkbuds Clip, Sony revient sur le segment des écouteurs TWS haut de gamme. Deux ans et demi après les XM5, la marque japonaise dévoile enfin les… [+17595 chars]",,2026-02-13 16:11:18+00:00,wmo,Canada,NEN,North-America
1433744cae5f92760463f31e4513e64b,2026-02-12T14:07:00Z,Storm,tempête france,www.franceinfo.fr,fr,0.7,"Sturm Nils: Kräne, Lastwagen, Boote, Bäume … Windgeschwindigkeiten von bis zu 180 km/h fegten alles weg, was ihnen im Süden und Südwesten des Landes in den Weg kam. Sturm Nils traf den Süden und Westen Frankreichs. Am Donnerstag, den 12. Februar, herrscht in fünf Departements Alarmstufe Rot. Um die Mittagszeit werden Anweisungen gegeben: Reisen Sie in den betroffenen Gebieten so wenig wie möglich. Die Risiken sind zahlreich, wie zum Beispiel…","Tempête Nils : grue, camions, bateaux, arbres… Les vents jusqu'à 180 km/h ont tout balayé sur leur passage dans le Sud et le Sud-Ouest du pays","La tempête Nils s'est abattue dans le Sud et l'Ouest de la France. Cinq départements sont en vigilance rouge, jeudi 12 février, et une consigne est donnée à la mi-journée : se déplacer le moins possible dans les zones concernées. Les risques sont nombreux, co…","Storm Nils: crane, trucks, boats, trees… Winds of up to 180 km/h swept away everything in their path in the South and South-West of the country. Storm Nils hit the South and West of France. Five departments are on red alert, Thursday February 12, and instructions are given at midday: travel as little as possible in the areas concerned. The risks are numerous, such as…","Tempestas Nils: grus, aliquet, lintres, arbores… Ventorum usque ad 180 km/h omnia in suum iter in regionem Austri et Austri-Occidentis rapiunt. Tempestas Nils meridionalem et Occidentem Galliae ledo. Quinque Dicasteria in rubris erecti sunt, die Iovis XII Februarii, et instructio datur in meridie: iter quam minimum in locis, quorum interest. Pericula multa sunt, ut…",https://www.franceinfo.fr/environnement/evenements-meteorologiques-extremes/tempetes/tempete-nils-grue-camions-bateaux-arbres-les-vents-jusqu-a-180-km-h-ont-tout-balaye-sur-leur-passage-dans-le-sud-et-le-sud-ouest-du-pays_7801103.html,https://www.franceinfo.fr/pictures/4zp-T3ZJp8lzJEm1tqBRpUTLOyU/39x0:1248x680/1500x843/2026/02/12/tempete-nils-vents-a-180-kmh-13h-698dde02201c8509636440.jpg,,"La tempête Nils s'est abattue dans le Sud et l'Ouest de la France. Cinq départements sont en vigilance rouge, jeudi 12 février, et une consigne est donnée à la mi-journée : se déplacer le moins possi… [+2454 chars]",,2026-02-14 03:15:57+00:00,wmo,France,WCE,Europe
b20ce53966cdfdc5a8f419744f448986,2026-02-12T18:00:00Z,Snow Avalanche,avalanche hautes alpes isère haute savoie,www.ledauphine.com,fr,0.7,"Bilanz. Pays de Savoie, Hautes-Alpes, Isère: In diesem Winter bereits 17 Lawinentote. Seit Beginn des Winters haben Lawinen in unseren Bergen 17 Todesopfer gefordert. Der Aufruf ruft zur Vorsicht auf, während im Departement Savoie Alarmstufe Rot gilt.","Bilan. Pays de Savoie, Hautes-Alpes, Isère : déjà 17 morts dans des avalanches cet hiver","Depuis le début de l'hiver, les avalanches ont fait 17 morts dans nos massifs. L'appel est à la prudence alors que le département de la Savoie est classé en alerte rouge.","Balance sheet. Pays de Savoie, Hautes-Alpes, Isère: already 17 deaths in avalanches this winter. Since the start of winter, avalanches have caused 17 deaths in our mountains. The call is for caution while the department of Savoie is classified on red alert.","Libra sheet. Pays de Savoie, Hautes-Alpes, Isère: iam 17 in avalanches mortes hac hieme. Cum initium hiemis, avalanches mortes in montibus nostris 17 fecerunt. Vocatio ad cautelam est dum department Savoie indicatur in erecto rubro.",https://www.ledauphine.com/faits-divers-justice/2026/02/12/pays-de-savoie-hautes-alpes-isere-deja-17-morts-dans-des-avalanches-cet-hiver,https://cdn-s-www.ledauphine.com/images/63CB44F9-33E2-48EB-A8D6-9FA5420128DA/FB1200/photo-1770918089.jpg,,"C’est une situation, heureusement, assez rare. Ce jeudi 12 février, plusieurs massifs français ont atteint le niveau de risque 5/5 concernant les avalanches. Une des conséquences de la tempête Nils q… [+4742 chars]",,2026-02-14 06:08:33+00:00,wmo,France,WCE,Europe
b6a880c81007132e9d8395077e10f467,2026-02-06T10:16:29Z,Precipitation,pluie canada,www.courrierinternational.com,fr,0.3,"Wie Grönland lockt auch der Spitzbergen-Archipel in der Arktis jedermanns Wunsch an. Der Wettbewerb zwischen Großmächten verschärft sich in der Arktis, nicht nur rund um Grönland. Im norwegischen Spitzbergen-Archipel nehmen die Spannungen zu und Oslo versucht nun, seinen Einfluss auf diese nördlichen Inseln zu stärken, wo…","Comme le Groenland, l’archipel du Svalbard, dans l’Arctique, attire toutes les convoitises","La compétition entre grandes puissances s’intensifie dans l’Arctique, et pas seulement autour du Groenland. Dans l’archipel norvégien du Svalbard, la tension monte d’un cran et Oslo cherche aujourd’hui à renforcer son emprise sur ces îles septentrionales où l…","Like Greenland, the Svalbard archipelago in the Arctic attracts everyone's desire. Great power competition is intensifying in the Arctic, and not just around Greenland. In the Norwegian archipelago of Svalbard, tension is rising a notch and Oslo is now seeking to strengthen its hold on these northern islands where…","Sicut Groenlandiae, Svalbard archipelago in arctico omnium desiderium allicit. Magna vis competitionis auget in arctico, et non solum circa Groenlandiam. In archipelago Norvegica Svalbard, incisura oritur tensio, et Oslo nunc studet suam firmam tenere in his septentrionalibus insulis ubi…",https://www.courrierinternational.com/long-format/reportage-comme-le-groenland-l-archipel-du-svalbard-dans-l-arctique-attire-toutes-les-convoitises_239368_1,https://focus.courrierinternational.com/2026/01/11/119/0/5000/3333/1200/630/60/0/56095ac_ftp-1-yajmf9ih0936-norway-svalbard-13.jpg,,"La compétition entre grandes puissances sintensifie dans lArctique, et pas seulement autour du Groenland. Dans larchipel norvégien du Svalbard, la tension monte dun cran et Oslo cherche aujourdhui à … [+17195 chars]",,2026-02-15 03:33:12+00:00,wmo,Canada,NEN,North-America
55a044a596300dcd3e975c1cc2032fa1,2026-02-07T21:41:19Z,Snow&Ice,gel attawapiskat peawanuck webequie,www.huffingtonpost.fr,fr,0.3,"Spanien und Portugal wurden vom Sturm Marta heimgesucht, ein Feuerwehrmann kam ums Leben. Diese neue danteske Episode ereignete sich einige Tage nach dem Ende von Leonardos Depression.","L’Espagne et le Portugal balayés par la tempête Marta, un pompier est mort",Ce nouvel épisode dantesque est survenu quelques jours après le passage de la dépression Leonardo.,"Spain and Portugal swept by storm Marta, a firefighter died. This new Dantesque episode occurred a few days after Leonardo's depression passed.",Hispania et Lusitania Martem expugnare aggressus est. Haec res nova Dantesque paucis diebus post tristitiam Leonardi facta est.,https://www.huffingtonpost.fr/international/video/l-espagne-et-le-portugal-balayes-par-la-tempete-marta-un-pompier-est-mort_260147.html,https://focus.huffingtonpost.fr/2026/02/07/98/0/1620/911/1820/1023/75/0/e6af5a9_upload-1-bu43h6ngwxeh-afp-20260206-aa-06022026-2640360-v1-highres-floodinginsantaremaftertagusriverov.jpg,,"Des villes sous leau. La péninsule ibérique a été balayée ce samedi 7 février par la tempête Marta, avec de fortes pluies et des vents violents notamment en Andalousie, dans le sud de lEspagne, et au… [+4371 chars]",,2026-02-15 03:33:12+00:00,wmo,Canada,NEN,North-America
fe9511f87ec5f1c8e5c166812c48da4c,2026-02-11T10:55:31Z,Storm,onde de tempête vanuatu,www.futura-sciences.com,fr,0.3,"Warum bringt dieser Winter Regen und Stürme wie nie zuvor seit Jahrzehnten? Seit einem Monat ist er in aller Munde: der Regen. Woche für Woche kommt es im Westen des Landes im Südosten zu einer unglaublichen Flut an Meeresstörungen. Was passiert über dem Atlantischen Ozean, um zu einer solchen Situation zu führen?",Pourquoi cet hiver enchaîne pluies et tempêtes comme jamais depuis des décennies ?,"C’est l’objet de toutes les conversations depuis un mois : la pluie. Semaine après semaine, l’ouest du pays jusqu'au sud-est subit un incroyable défilé de perturbations océaniques. Que se passe-t-il au-dessus de l'océan Atlantique pour mener à une telle situa…","Why is this winter bringing rain and storms like never before in decades? It's been the subject of all the conversations for a month: the rain. Week after week, the west of the country to the southeast experiences an incredible parade of ocean disturbances. What is happening above the Atlantic Ocean to lead to such a situation…","Cur haec hiems pluvias et tempestates in decenniis nunquam ante ferens? Narratio oppidi per mensem fuerat: pluvia. Septimana post septimanam regionem occidentalem ad orientem-meridiem incredibilem pompam perturbationum oceanorum experitur. Quae supra Oceanum Atlanticum fiunt, ad talem condicionem ducere…",https://www.futura-sciences.com/planete/actualites/meteorologie-cet-hiver-enchaine-pluies-tempetes-comme-jamais-depuis-decennies-131124/,https://cdn8.futura-sciences.com/a1920/images/forte%20pluie.jpg,,"Après les records de pluie enregistrés en Bretagne en janvier dernier, d'autres se sont produits dans les Pyrénées ces derniers jours. Météo France annonce qu'au Cap Béar, dans les Pyrénées Orientale… [+3933 chars]",,2026-02-15 03:33:12+00:00,wmo,Vanuatu,SPO,Oceania
1d581f4149e063ad31549df3d3a9fd48,2026-02-12T05:47:43Z,Snow&Ice,passage Ice Buffalo et lac Peter Pond,www.lemonde.fr,fr,0.3,"Sturm Nils: Heftige Winde, Überschwemmungen und Lawinen, vier Departements in Alarmbereitschaft. Der Sturm setzt seinen Weg in Richtung Mittelmeer und Korsika fort und führt zu Schulschließungen, Evakuierungen und Verkehrsstörungen.","Tempête Nils : vents violents, crues et avalanches, quatre départements en vigilance rouge","La tempête poursuit sa route vers la Méditerranée et la Corse, provoquant la fermeture d’écoles, des évacuations et des perturbations dans les transports.","Storm Nils: violent winds, floods and avalanches, four departments on red alert. The storm continues its route towards the Mediterranean and Corsica, causing school closures, evacuations and transport disruptions.","Tempestas Nils: venti violenti, diluvii et avalanches, quattuor res in rubris erecti. Tempestas iter suum ad Mare Mediterraneum et Corsicam pergit, clausuras scholas, evacuationes et disruptiones causans.",https://www.lemonde.fr/planete/article/2026/02/12/tempete-nils-vents-violents-crues-et-avalanches-quatre-departements-en-vigilance-rouge_6666425_3244.html,https://img.lemde.fr/2026/02/11/0/0/7935/5290/1440/960/60/0/cc0442f_ftp-1-yqmqx7uv2c14-5135784-01-06.jpg,,"Dune « force peu fréquente » selon Météo France, la tempête Nils balaye, jeudi 12 février, le sud de la France avec des vigilances rouges aux crues sur la Garonne, aux vents violents dans lAude et au… [+4704 chars]",,2026-02-15 03:33:12+00:00,wmo,Canada,NEN,North-America
adcc4c6ce5c579fee3222d40546c5121,2026-02-12T05:53:12Z,Storm,tempête france,www.france24.com,fr,0.7,"Frankreich unter den Sturmböen Nils, Böen von mehr als 160 km/h. Angesichts „stürmischer Winde“ und „erheblicher Überschwemmungen“ hat das Meteorologische Institut am Donnerstag außerdem rund dreißig Abteilungen wegen dieser „bemerkenswerten“ Episode in Alarmbereitschaft versetzt.

Météo-France verzeichnete über Nacht Böen von 162 km/h in Biscar…","La France sous les rafales de la tempête Nils, des rafales de plus de 160 km/h","Face aux ""vents tempétueux"" et aux ""crues importantes"", l'institut météorologique a placé en outre une trentaine de départements en vigilance orange jeudi pour cet épisode ""remarquable"".

Météo-France a relevé dans la nuit par des rafales de 162 km/h à Biscar…","France under the gusts of storm Nils, gusts of more than 160 km/h. Faced with ""stormy winds"" and ""significant floods"", the meteorological institute also placed around thirty departments on orange alert on Thursday for this ""remarkable"" episode. Météo-France noted gusts of 162 km/h in Biscar overnight…","Gallia sub procellis Nils, procellis plus quam 160 km/h. Quod attinet ad ""ventos procellas"" et ""flumina significantia"", institutum meteorologicum etiam circa triginta departments rerum in aurantiaco die Iovis intenti huius ""mirabilis"" eventus collocavit.

Météo-Gallia notatur procellis 162 km/h in Biscar pernoctare…",https://www.france24.com/fr/info-en-continu/20260212-la-france-sous-les-rafales-de-la-temp%C3%AAte-nils-des-rafales-de-plus-de-160-km-h,https://s.france24.com/media/display/1c7a3df0-07d7-11f1-9f50-005056a97e36/w:1280/p:16x9/04288b0974228a592cfe92f78bd0cc3350c39b93.jpg,,"Face aux ""vents tempétueux"" et aux ""crues importantes"", l'institut météorologique a placé en outre une trentaine de départements en vigilance orange jeudi pour cet épisode ""remarquable"".
Météo-Franc… [+3913 chars]",,2026-02-15 03:33:12+00:00,wmo,France,WCE,Europe
8c443c771ae678fb805ac08c86c6d867,2026-02-12T06:57:11Z,Storm,tempête aude,www.huffingtonpost.fr,fr,0.7,"Absolute Windrekorde im Südwesten mit Sturm Nils gebrochen. In den Landes wurden Böen von mehr als 160 km/h registriert. An diesem Donnerstag bleibt die Wachsamkeit in der Garonne, Lot-et-Garonne, Aude und Savoie am höchsten.",Des records absolus de vent battus dans le Sud-Ouest avec la tempête Nils,"Des rafales à plus de 160 km/h ont été relevées dans les Landes. Ce jeudi, la vigilance reste maximale sur la Garonne, le Lot-et-Garonne, l’Aude et la Savoie.","Absolute wind records broken in the South-West with storm Nils. Gusts of more than 160 km/h were recorded in the Landes. This Thursday, vigilance remains maximum in the Garonne, Lot-et-Garonne, Aude and Savoie.","Absoluta ventorum monumenta in South-West-West cum procella Nils confracta est. Venti plus quam 160 km/h in Landes scripti sunt. Haec feria quinta, vigilia maxima manet in Garumna, Lot-et-Garonne, Aude et Savoie.",https://www.huffingtonpost.fr/france/article/des-records-absolus-de-vent-battus-dans-le-sud-ouest-avec-la-tempete-nils_260326.html,https://focus.huffingtonpost.fr/2026/01/09/209/0/5000/2812/1820/1023/75/0/a18d3f8_upload-1-xtqhlmsdumhy-afp-20260108-hl-vdelvalle-3013432-v1-highres-francestormgorettibyvincentdelvall.jpg,,"La tempête Nils dune « force peu fréquente » va continuer de balayer le sud de la France ce jeudi 12 février, après avoir fait un mort dans la nuit. Un chauffeur de poids lourd a été tué près de Dax … [+3394 chars]",,2026-02-15 03:33:12+00:00,wmo,France,WCE,Europe
e9e5a22fc6d421b2fd9c662c8e214733,2026-02-12T07:41:48Z,Storm,tempête france,www.nouvelobs.com,fr,0.7,"Sturm Nils: 5 Abteilungen in Alarmbereitschaft, ein Fahrer in Landes getötet. Sturm Nils, der heftige Winde, Überschwemmungen und Lawinen verursacht, trifft an diesem Donnerstag vor allem den Süden Frankreichs. In den Landes wurden Böen von mehr als 160 km/h registriert.","Tempête Nils : 5 départements en alerte rouge, un chauffeur tué dans les Landes","La tempête Nils, qui provoque des vents violents, des crues et des avalanches, s’abat principalement sur le sud de la France ce jeudi. Dans les Landes, des rafales à plus de 160 km/h ont été enregistrées.","Storm Nils: 5 departments on red alert, a driver killed in Landes. Storm Nils, which causes violent winds, floods and avalanches, hits mainly the south of France this Thursday. In the Landes, gusts of more than 160 km/h were recorded.","Storm Nils: 5 negotiationes in rubris erecti, agitator in Landes occisus. Tempestas Nils, quae ventos violentos, inundationes et avalanches creat, maxime ad meridiem Franciae hanc Iovis partem pervenit. In Landes procellis plus quam 160 km/h scripti sunt.",https://www.nouvelobs.com/societe/20260212.OBS112318/tempete-nils-4-departements-en-alerte-rouge-un-chauffeur-tue-dans-les-landes.html,https://focus.nouvelobs.com/2026/02/12/0/0/6000/4000/1200/800/0/0/d8a4f4e_upload-1-6gqjlwqpoqyz-080-hl-jbonnery-3056553.jpg,,"Une route submergée à Bram à cause de la tempête Nils, en Occitanie, le 11 février 2026. JUSTINE BONNERY / HANS LUCAS VIA AFP
Commenter
 Lire plus tard 
Google Actualités
Partager
 Sabonner 
Du… [+5849 chars]",,2026-02-15 03:33:12+00:00,wmo,France,WCE,Europe
1ad8076f1795c99382b6e74bcac9c365,2026-02-14T10:27:29Z,Snow&Ice,gel belgique,www.lavenir.net,fr,0.7,"Warnung vor rutschigen Bedingungen: Für diesen Sonntag wird Schneematsch und Frost vorhergesagt, das IRM gibt eine gelbe Warnung für Belgien aus. An diesem Sonntag, dem 15. Februar 2026, bereitet sich ein Gebiet voller Schnee und Schneematsch darauf vor, Belgien zu durchqueren. Das IRM gibt bei rutschigen Bedingungen eine gelbe Warnung aus. Seien Sie vorsichtig auf den Straßen. ...","Alerte aux conditions glissantes: de la neige fondante et du gel annoncés ce dimanche, l'IRM émet une alerte jaune sur la Belgique","Ce dimanche 15 février 2026, une zone de neige et de neige fondante s'apprête à traverser la Belgique. L'IRM émet une alerte jaune aux conditions glissantes. Prudence sur les routes. ...","Alert for slippery conditions: slush and frost forecast for this Sunday, the IRM issues a yellow alert for Belgium. This Sunday, February 15, 2026, an area of ​​snow and slush is preparing to cross Belgium. The IRM issues a yellow alert to slippery conditions. Be careful on the roads. ...","Ad condiciones lubricas erecti: praecognoscere tabem et pruinam pro die Dominico, IRM fulvum in Belgio vigilat. Hoc Dominica, die 15 mensis Februarii, anno 2026, area nivis et tabem Belgicam transire parat. IRM croceum exit ad condiciones lubricas erectas. Diligenter in uiis. ...",https://www.lavenir.net/actu/societe/meteo/2026/02/14/alerte-aux-conditions-glissantes-de-la-neige-fondante-et-du-gel-annonces-ce-dimanche-lirm-emet-une-alerte-jaune-sur-la-belgique-ILXTGGOBDRFFPP5RVO6I6W4H2A/,https://www.lavenir.net/resizer/v2/NNGZ5PYXIJAATF7TKHL7DIOMIE.jpg?auth=43ef8fb1375c371f12ef1fc25ca1f5cb0ce71148aec71fe712d71f817b6feea5&width=1200&height=630&quality=85&focal=256%2C170,,"Profitez bien de votre samedi soir au sec, car le réveil dominical s'annonce nettement plus hivernal. Une zone de précipitations actives va aborder notre pays par l'ouest dès dimanche après-midi (14h… [+284 chars]",,2026-02-15 15:52:21+00:00,wmo,Belgium,WCE,Europe
0a4224cdf0ee26a3ba3a659a692a5ffe,2026-02-04T14:44:01Z,Snow&Ice,neige belgique,www.lavenir.net,fr,0.7,"Liegt der Winter in Belgien nun hinter uns? Ende Februar und März halten vielleicht einige Überraschungen bereit, aber… (Video). Die heutige Wetterfrage wird von Mélanie de Boncelles (Lüttich) gestellt: „Hallo Farid, ist der Winter angesichts der 15-Tage-Prognose bereits vorbei? Eine weitere Chance, im Februar Schnee zu sehen? Vielen Dank im Voraus für Ihre Antwort!“ Der Mr. Weather von…","L’hiver serait-il désormais derrière nous en Belgique ? La fin février et mars peuvent réserver quelques surprises, mais… (vidéo)","La question météo du jour est posée par Mélanie de Boncelles (Liège) : “Salut Farid, l’hiver est-il déjà fini au vu des prévisions à 15 jours ? Encore une chance de voir la neige durant ce mois de février ? Merci d’avance pour ta réponse !”. Le M. Météo de L’…","Is winter now behind us in Belgium? The end of February and March may hold some surprises, but… (video). Today's weather question is asked by Mélanie de Boncelles (Liège): ""Hi Farid, is winter already over given the 15-day forecast? Another chance to see snow during the month of February? Thank you in advance for your answer!"". The Mr. Weather of…","Estne hiems nunc post nos in Belgio? Finis Februarius et Martius nonnullas opinationes tenere possunt, sed… (video). Hodiernae tempestatis quaestio a Mélanie de Boncellis (Liège) quaeritur: ""Hi Farid, iam hiems praecessit XV dies praecognoscendi? Alia facultas videndi nives mense Februario? Gratias tibi in antecessum respondes!"". Tempestas Domini…",https://www.lavenir.net/quelle-meteo-chez-vous-farid-vous-repond/2026/02/04/lhiver-serait-il-desormais-derriere-nous-en-belgique-la-fin-fevrier-et-mars-peuvent-reserver-quelques-surprises-mais-video-ZC377FXDVZH2PCEQEVBQFDGNYE/,https://www.lavenir.net/resizer/v2/UKRJZJQLZ5DTRL3OOWFOHD7GKQ.jpg?auth=0a4a98a7c5b3c7d9ee6eca103d3b6cea5fc1eb4f70feb7d5b8c732ca52be817f&width=1200&height=630&quality=85&focal=2120%2C1416,,"Et Farid d'estimer : ""Pour moi, il va être compliqué de retrouver des conditions durablement hivernales même si fin février et mars peuvent réserver quelques surprises notamment la nuit""
Peut-on esp… [+1023 chars]",,2026-02-15 20:55:24+00:00,wmo,Belgium,WCE,Europe
7c0ed6048f8961b6d18b254087c519e1,2026-02-09T11:16:52Z,Precipitation,pluie belgique,www.dhnet.be,fr,0.7,"Hier erfahren Sie, wo und wann der Schnee nach Belgien zurückkehren wird. Zwischen Regengebieten und Winterschauern wird Belgien in den kommenden Tagen das Wetter ändern. ...",Voici où et quand la neige va faire son retour en Belgique,"Entre zones de pluie et averses hivernales, la Belgique va changer de temps dans les prochains jours. ...","Here's where and when the snow will return to Belgium. Between areas of rain and winter showers, Belgium will change the weather in the coming days. ...","Hic est ubi et quando nix in Belgium revertetur. Inter areas imbres et imbres hiemales, Belgium mutabit tempestatem in diebus venturis. ...",https://www.dhnet.be/actu/belgique/2026/02/09/voici-ou-et-quand-la-neige-va-faire-son-retour-en-belgique-BTCW7SRUXJE2NF6KMPWW5ZOUJY/,https://www.dhnet.be/resizer/v2/QZ4ZG3WXJJCMZNJVLZ3EMTGIPM.jpg?auth=9a338b37c00f018945757ebf484d3908ba96240758d3ccc14de6bde4c1841886&width=1200&height=630&quality=85&focal=2379%2C1586,,"Dans les trois prochains jours, c'est plutôt un temps maussade qui est attendu en Belgique avec des nuages et des averses. Mais dès vendredi, la neige va faire une réapparition sur notre territoire, … [+424 chars]",,2026-02-15 20:55:24+00:00,wmo,Belgium,WCE,Europe
3cfa9f9542d519b12b3d6970223e7b93,2026-02-11T11:00:00Z,Snow&Ice,neige belgique,www.rtbf.be,fr,0.7,"Dieses Wochenende kehrt der Schnee zurück: ein kurzer, aber deutlicher Kälteeinbruch. Nach einer milden und regnerischen Phase wird an diesem Wochenende deutlich kältere Luft über Belgien hereinbrechen. Von der...",Neige de retour ce week-end: un coup de froid bref mais marqué,"Un air nettement plus froid va s’inviter sur la Belgique ce week-end, après une séquence douce et pluvieuse. Dès...","Snow returns this weekend: a brief but marked cold snap. Significantly colder air will invade Belgium this weekend, after a mild and rainy sequence. Of the...","Nix volutpat hanc reddit: frigus breve sed notatum frangeretur. Aer insigniter frigidior Belgiam hanc volutpat invadebit, post lenis et pluviosus series. De...",https://www.rtbf.be/article/neige-de-retour-ce-week-end-un-coup-de-froid-bref-mais-marque-11677611,https://static-content.rtbf.be/article/image/1920x1080/0/9/c/9983e4588fae25acc3d70658ce463dd6.jpg,,"Pour la journée de samedi : le gel sera permanent Ardenne, les températures maximales ne dépasseront pas les -3°C... et le mercure n'ira pas plus haut que 2°C du côté de Bruxelles. Dans la nuit de sa… [+526 chars]",,2026-02-15 20:55:24+00:00,wmo,Belgium,WCE,Europe
80af3182e9e6c8bb6abd8cad1683bb56,2026-02-12T14:18:52Z,Snow&Ice,neige belgique,www.lalibre.be,fr,0.7,"In Belgien wird es bald wieder schneien: „Die Situation wird an diesem Wochenende einen Tag lang besonders heikel sein.“ Für das Wochenende bestätigt sich die Prognose, allerdings mit leichter Verzögerung. ...","La neige bientôt de retour en Belgique: ""La situation sera particulièrement délicate durant une journée, ce week-end""","Les prévisions sont confirmées pour le week-end, mais avec un léger décalage. ...","The snow will soon return to Belgium: ""The situation will be particularly delicate for one day this weekend."" The forecast is confirmed for the weekend, but with a slight delay. ...","Nix mox in Belgium redibit: ""Res erit maxime delicata unius diei hoc weekend"". Praesagium confirmatur ad volutpat, sed cum aliqua mora. ...",https://www.lalibre.be/belgique/societe/2026/02/12/la-neige-bientot-de-retour-en-belgique-la-situation-sera-particulierement-delicate-durant-une-journee-ce-week-end-JQVMJEPSQBHEFMGX2OTM2JTCZI/,https://www.lalibre.be/resizer/v2/VC7OONR5LNB4ZHOQTQFNJ2ZWPI.jpg?auth=144c27aad10637842980622f6c2dd6f5763a52d81cb9a1c1fa11a3d95f1c7597&width=1200&height=630&quality=85&focal=1762%2C1174,,"Le froid sera assez piquant dès samedi, ce qui tranchera avec les jours précédents. ""La journée s'annonce plutôt agréable : fraîche, mais assez lumineuse, avec quelques nuages. En Ardenne, des gelées… [+1425 chars]",,2026-02-15 20:55:24+00:00,wmo,Belgium,WCE,Europe
5e7a6416e54e1bace9eb49e196c4c735,2026-02-13T06:11:57Z,Precipitation,pluie belgique,www.lavenir.net,fr,0.7,"Wetter in Belgien: Nehmen Sie die Regenschirme heraus, ein Freitag mit Regen und Wolken. Laut Prognosen des Royal Meteorological Institute (IRM) wird das Wetter an diesem Freitag, dem 13. Februar 2026, bewölkt und regnerisch sein. ...","Météo en Belgique: sortez les parapluies, un vendredi sous la pluie et les nuages","Le temps sera couvert et pluvieux ce vendredi 13 février 2026, selon les prévisions de l'Institut royal météorologique (IRM). ...","Weather in Belgium: take out the umbrellas, a Friday in the rain and clouds. The weather will be overcast and rainy this Friday, February 13, 2026, according to forecasts from the Royal Meteorological Institute (IRM). ...","Tempestas in Belgio: umbellas excipe, Veneris in pluvia et nubibus. Tempestas hac die Veneris, ante diem 13 Februarii 2026, imbresque exstinguetur, secundum praenuntiationes ex Instituto Meteorologico Regii (IRM). ...",https://www.lavenir.net/actu/societe/meteo/2026/02/13/meteo-en-belgique-sortez-les-parapluies-un-vendredi-sous-la-pluie-et-les-nuages-HGJ3VAW5YZGRHOAI33DMZ2EC3U/,https://www.lavenir.net/resizer/v2/5HVK75TYRNDRPFAUTQBWEYEXRQ.jpg?auth=e45f49677b64199409e89658bfc884be6597ae4a4ef8cfef4001cadb471580fa&width=1200&height=630&quality=85&focal=1168%2C779,,"Un ciel couvert et des précipitations sont attendues pour la journée de vendredi, selon les prévisions de l'Institut royal météorologique (IRM). Les maxima se situeront entre 4 et 9°C, sous un vent f… [+456 chars]",,2026-02-15 20:55:24+00:00,wmo,Belgium,WCE,Europe
88a4493791746b68ced38846d11d3dae,2026-02-14T06:41:15Z,Snow&Ice,gel belgique,www.lavenir.net,fr,0.7,Wetter in Belgien: Weitere winterliche Temperaturen an diesem Wochenende. Laut IRM-Prognosen wird es ab Samstagmorgen kalt mit leichtem Frost und örtlicher Glättegefahr in vielen Regionen. ...,Météo en Belgique : des températures davantage hivernales ce week-end,"Il fera froid dès samedi matin avec de faibles gelées et localement un risque de conditions glissantes dans de nombreuses régions, selon les prévisions de l'IRM. ...","Weather in Belgium: more wintery temperatures this weekend. It will be cold from Saturday morning with light frosts and locally a risk of slippery conditions in many regions, according to IRM forecasts. ...","Tempestas in Belgio: plus caloris hiemalis hoc weekend. A Saturni mane cum lucibus pruinis et localiter periculum erit in multis regionibus lubricae condiciones, secundum praenotiones IRM. ...",https://www.lavenir.net/actu/2026/02/14/meteo-en-belgique-des-temperatures-davantage-hivernales-ce-week-end-J6YJBZINNZAFBJRL5TSQMI626E/,https://www.lavenir.net/resizer/v2/PXJ7XPYBKZCKPFYWCXKG3ML2CY.jpg?auth=79e6d42b6eda6fd6cbbc7a3359a474f52a878752987a3c4476834af335398014&width=1200&height=630&quality=85&focal=2264%2C1508,,"La météo de Farid du 14 février 2026
Ce soir, le ciel sera peu nuageux, avec encore davantage de nuages dans le sud-est du pays. La nuit sera froide avec des minima de -1 degré au littoral à -6 degr… [+635 chars]",,2026-02-15 20:55:24+00:00,wmo,Belgium,WCE,Europe
4904565288e84aeb5e0082e7c0a5284a,2026-02-12T10:15:54Z,Snow&Ice,neige kugluktuk,france3-regions.franceinfo.fr,fr,0.3,"Geschlossene Resorts, gesperrte Straßen, bedrohte Häuser: In Savoie ist die Lawinengefahr am höchsten, Alarmstufe Rot gilt. Die Lawinengefahr ist an diesem Donnerstag, 12. Februar, in den meisten Alpen mit einer Bewertung von 5/5 am höchsten. Aufgrund dieser „außergewöhnlichen“ Situation wurde Savoie in Alarmbereitschaft versetzt. Im Departement sind 75 % der Skigebiete geschlossen…","Stations fermées, routes coupées, habitations menacées : le risque avalanche à son maximum en Savoie, placée vigilance rouge","Le risque avalanche est à son maximum, évalué à 5/5, ce jeudi 12 février dans la plupart des massifs des Alpes. En raison de cette situation ""exceptionnelle"", la Savoie a été placée en vigilance rouge. Dans le département, 75% des stations de ski sont fermées…","Stations closed, roads cut, homes threatened: the avalanche risk at its maximum in Savoie, placed on red alert. The avalanche risk is at its maximum, rated at 5/5, this Thursday, February 12 in most of the Alps. Due to this “exceptional” situation, Savoie has been placed on red alert. In the department, 75% of ski resorts are closed…","Frequentia clausa, vias secare, domos minabantur: NIVIS periculum maximum in Savoie, in rubris erectum collocatum est. Periculum NIVIS CASUS est in maximo, in 5/5, hoc Iovis, die 12 Februarii in plerisque Alpibus. Ob hanc ""exceptionalem"" condicionem, Savoie in rubris erectis posita est. In department, LXXV% ski frequentat clauduntur…",https://france3-regions.franceinfo.fr/auvergne-rhone-alpes/savoie/chambery/stations-fermees-routes-coupees-habitations-menacees-le-risque-avalanche-a-son-maximum-en-savoie-placee-vigilance-rouge-3298113.html,https://france3-regions.franceinfo.fr/image/HAWkn2MyKYM-_teuz4_1N6CboWI/930x620/regions/2026/02/12/000-36wm6m4-698da04c88cfd097738019.jpg,,"Le risque avalanche est à son maximum, évalué à 5/5, ce jeudi 12 février dans la plupart des massifs des Alpes. En raison de cette situation ""exceptionnelle"", la Savoie a été placée en vigilance roug… [+5334 chars]",,2026-02-16 11:24:37+00:00,wmo,Canada,NEN,North-America
d2ba28e5b95ea847c0a575355613d824,2026-02-13T11:14:00Z,Drought,sécheresse burkina faso,www.ledauphine.com,fr,0.3,"Italien. „Ich ersticke“: Von einer Lawine begraben, ruft er um Hilfe und entkommt wie durch ein Wunder. Ein Mann, der am Donnerstag im Aostatal wandern ging, konnte mithilfe seines Mobiltelefons geolokalisiert werden, berichtet Rai.","Italie. « Je suffoque » : enseveli sous une avalanche, il appelle les secours et s'en sort par miracle","Un homme qui était parti randonner jeudi dans le Val d'Aoste a pu être géolocalisé grâce à son téléphone portable, rapporte la Rai.","Italy. “I’m suffocating”: buried under an avalanche, he calls for help and miraculously escapes. A man who went hiking on Thursday in Val d'Aosta was able to be geolocated using his mobile phone, reports Rai.","Italiam. ""Ego suffocao"": sub NIVIS sepultus, auxilium vocat et miraculose evadit. Vir qui die Iovis in Val d'Aosta hiking abiit, telephonio mobili suo geolocatus potuit, refert Rai.",https://www.ledauphine.com/faits-divers-justice/2026/02/13/je-suffoque-enseveli-sous-une-avalanche-il-appelle-les-secours-et-s-en-sort-par-miracle,https://cdn-s-www.ledauphine.com/images/5CDAB1BE-12C9-4BC6-A6DC-69343DE84EBB/FB1200/photo-1770981112.jpg,,"Une issue inespérée : un homme emporté jeudi après-midi par une avalanche dans le Val d'Aoste (Italie) a pu appeler les secours, qui l'ont sorti vivant de la neige, rapporte la Rai.
Agé de 44 ans, c… [+1863 chars]",,2026-02-16 11:24:37+00:00,edo,Burkina Faso,WAF,Africa
e37f3c0c97b66e3c43d4385af5a5c3cf,2026-02-14T16:49:40Z,Snow&Ice,gel belgique,www.franceinfo.fr,fr,0.3,In Italien ist Kalabrien erneut unter Wasser und erfordert den Ausnahmezustand. Nach Angaben der Behörden war die italienische Region mit einer neuen Serie von „heftigen Böen und sintflutartigen Regenfällen“ konfrontiert.,"En Italie, la Calabre à nouveau sous les eaux demande l'état d'urgence","La région italienne a été confrontée à une nouvelle série de ""rafales violentes, averses torrentielles"" selon les autorités.","In Italy, Calabria once again under water requires a state of emergency. The Italian region was faced with a new series of “violent gusts, torrential downpours” according to the authorities.","In Italia iterum sub aqua Calabriae tempus postulat. Italiae regio versabatur ad novam seriem ""ventorum violentorum, imbres torrentium"" secundum auctoritates.",https://www.franceinfo.fr/monde/italie/en-italie-la-calabre-a-nouveau-sous-les-eaux-demande-l-etat-d-urgence_7805834.html,https://www.franceinfo.fr/pictures/0I_Coeaqc9532ZrJ5I3ah9guyjI/0x378:4032x2646/1500x843/2026/02/14/075-manzo-notitle260214-np8ns-6990a70562390728501955.jpg,,"Les intempéries touchent aussi l'Italie. La région de la Calabre, dans le sud du pays, a demandé samedi 14 février qu'un état d'urgence national soit déclaré après plusieurs jours de fortes pluies qu… [+1259 chars]",,2026-02-16 11:24:37+00:00,wmo,Belgium,WCE,Europe
6e158776e1d2a1a72cc89581905a5ae3,2026-02-08T16:41:24Z,Precipitation,pluie belgique,www.lavenir.net,fr,0.7,"Können wir nach dem katastrophalen Unwetter in Spanien dasselbe in Belgien befürchten? Farid beantwortet Ihre Wetterfrage. Die Frage wird von Chantal gestellt, die aus Sambreville (Namur) stammt. „Hallo Farid, sind solche Regenmengen wie in Spanien in Belgien möglich? Vielen Dank im Voraus!“ Farid erklärt und gibt die Wettervorhersage für den Tag. ...","Après les intempéries catastrophiques vécues en Espagne, peut-on craindre la même chose en Belgique ? Farid répond à votre question météo","La question est posée par Chantal qui vient de Sambreville (Namur). “Salut Farid, de telles quantités de pluie comme en Espagne sont-elles possibles en Belgique ? Merci d’avance !” Farid explique et donne la météo du jour. ...","After the catastrophic bad weather experienced in Spain, can we fear the same thing in Belgium? Farid answers your weather question. The question is asked by Chantal who comes from Sambreville (Namur). “Hi Farid, are such amounts of rain like in Spain possible in Belgium? Thanks in advance!” Farid explains and gives the weather forecast for the day. ...","Num idem in Belgio post calamitosas tempestates in Hispania experti timemus? Farid quaestio tempestate tua respondet. Quaeritur a Chantal qui ex Sambrevilla venit (Namur). ""Hi Farid, tantae sunt pluviae copiae sicut in Hispania in Belgio fieri possunt? Gratias in antecessum!"" Farid exponit et tempestas praenuntiet diem. ...",https://www.lavenir.net/quelle-meteo-chez-vous-farid-vous-repond/2026/02/08/apres-les-intemperies-catastrophiques-vecues-en-espagne-peut-on-craindre-la-meme-chose-en-belgique-farid-repond-a-votre-question-meteo-F56O6U7W7VCXVABHVP376L2ZIU/,https://www.lavenir.net/resizer/v2/6U6MZ67CPVFNFL6Z4N6TOGSGTQ.jpg?auth=9d0b9e46d2d827aa1005b6873993526f319dc27c14b2c8d3830cf0cfede2d60e&width=1200&height=630&quality=85&focal=2120%2C1416,,"Chez nous, le risque de connaître de telles quantités reste faible car nous n'avons pas ce réservoir de quantité d'eau précipitable à proximité (Méditerranée ou centre de l'océan atlantique). Cela n'… [+1088 chars]",,2026-02-17 06:35:38+00:00,wmo,Belgium,WCE,Europe
35c331c203076ca7e1683679cd2081b4,2026-02-09T11:09:31Z,Precipitation,pluie belgique,www.lalibre.be,fr,0.7,"Schnee im ganzen Land? Hier erfahren Sie, was Sie in den kommenden Tagen erwartet. Zwischen Regengebieten und Winterschauern wird Belgien in den kommenden Tagen das Wetter ändern. ...",De la neige sur tout le territoire ? Voilà à quoi s’attendre dans les prochains jours,"Entre zones de pluie et averses hivernales, la Belgique va changer de temps dans les prochains jours. ...","Snow all over the country? Here's what to expect in the coming days. Between areas of rain and winter showers, Belgium will change the weather in the coming days. ...","Nix tota terra? Hic est quod expectet dies venturos. Inter areas imbres et imbres hiemales, Belgium mutabit tempestatem in diebus venturis. ...",https://www.lalibre.be/belgique/2026/02/09/de-la-neige-sur-tout-le-territoire-voila-a-quoi-sattendre-dans-les-prochains-jours-YLB6TUVJPBHLZOVWZFMOCX5UPE/,https://www.lalibre.be/resizer/v2/HOUWEPBKRBA75OPXOKI35M4JKA.jpg?auth=27a1fa4583742219f29653fef5c7f91119766df6a6ae4ec96923208d713c6cdc&width=1200&height=630&quality=85&focal=2016%2C1512,,"Dans les trois prochains jours, c'est plutôt un temps maussade qui est attendu en Belgique avec des nuages et des averses. Mais dès vendredi, la neige va faire une réapparition sur notre territoire, … [+424 chars]",,2026-02-17 06:35:38+00:00,wmo,Belgium,WCE,Europe
5bd39bac635da8fd72d35b5431e3eda2,2026-02-05T09:05:44Z,Storm,onde de tempête appenzell,www.lemonde.fr,fr,0.3,"Leonardo-Depression: Ende der roten Regenwarnung in Südspanien, Frau vermisst. Depression Leonardo, der siebte Sturm seit Jahresbeginn, traf am Mittwoch mit Niederschlagsmengen von mehr als 400 mm auf der Iberischen Halbinsel, tötete einen Menschen in Portugal und führte zur Evakuierung Tausender Menschen.","Dépression Leonardo : fin de l’alerte rouge aux pluies dans le sud de l’Espagne, une femme portée disparue","La dépression Leonardo, septième tempête depuis le début de l’année, a frappé mercredi la péninsule Ibérique avec des précipitations de plus de 400 mm, faisant un mort au Portugal et entraînant l’évacuation de milliers de personnes.","Leonardo Depression: end of red rain alert in southern Spain, woman missing. Depression Leonardo, the seventh storm since the start of the year, hit the Iberian Peninsula on Wednesday with rainfall of more than 400 mm, killing one person in Portugal and leading to the evacuation of thousands of people.","Leonardo depressio: finis pluviae rubrae in Hispania meridionali vigilans, mulier defuit. Tristitia Leonardo, septima tempestas ab ineunte anno, paeninsulam Hiberiam die Mercurii percussit cum pluviis plusquam 400 mm, unum hominem in Portugallia occisum et ad evacuationem milia hominum ducit.",https://www.lemonde.fr/planete/article/2026/02/05/depression-leonardo-fin-de-l-alerte-rouge-aux-pluies-dans-le-sud-de-l-espagne-une-disparue-tombee-dans-un-cours-d-eau_6665498_3244.html,https://img.lemde.fr/2026/02/04/0/0/3597/2398/1440/960/60/0/9ac737f_ftp-1-3l1k674h0lvx-5071965-01-06.jpg,,"Un homme traverse une rue inondée à Jimera de Libar (Espagne), le 4 février 2026. JORGE GUERRERO / AFP
Lagence météorologique espagnole, lAemet, a levé jeudi 5 février lalerte rouge aux pluies excep… [+4864 chars]",,2026-02-17 11:26:18+00:00,wmo,Switzerland,WCE,Europe
21965b11342a95457155def5683fa06f,2026-02-13T05:30:20Z,Snow&Ice,glace gatineau,www.huffingtonpost.fr,fr,0.3,"Wie schon 2009 hat der Wind alles weggefegt und Sturm Nils hat seinen Lauf noch nicht beendet. Mit Böen von bis zu 180 km/h im Südwesten verursachte Sturm Nils den Tod eines LKW-Fahrers, entzog bis zu 900.000 Haushalten den Strom und verursachte erhebliche Störungen.","Comme en 2009, le vent a tout balayé et la tempête Nils n’a pas encore fini sa course","Avec des rafales atteignant 180 km/h dans le Sud-Ouest, la tempête Nils a provoqué la mort d’un chauffeur routier, privé jusqu’à 900 000 foyers d’électricité et entraîné d’importantes perturbations.","As in 2009, the wind swept everything away and storm Nils has not yet finished its course. With gusts reaching 180 km/h in the South-West, Storm Nils caused the death of a truck driver, deprived up to 900,000 homes of electricity and caused significant disruption.","Sicut anno 2009, ventus omnia rapuit et procella Nils nondum cursum suum perfecit. Cum procellis 180 km/h in Austro-Occidente perveniens, Storm Nils aurigae salsuram mortem effecit, usque ad 900.000 domos electricitatis privavit et perturbationem significantem effecit.",https://www.huffingtonpost.fr/france/video/comme-en-2009-le-vent-a-tout-balaye-et-la-tempete-nils-n-a-pas-encore-fini-sa-course_260368.html,https://focus.huffingtonpost.fr/2026/02/13/521/0/5000/2812/1820/1023/75/0/4830808_upload-1-zhene3xxa49h-afp-20260212-hl-jcmilhet-3058497-v1-highres-francehurricanehighwindtempestnilsp.jpg,,"Comme en 2009, le vent a tout balayé. Dans la nuit de mercredi 11 à jeudi 12 février, des rafales à 180 km/h ont frappé le Sud-Ouest, arraché des arbres par centaines et plongé jusquà 900 000 foyers … [+4450 chars]",,2026-02-17 11:26:18+00:00,wmo,Canada,NEN,North-America
da22a8bb0bf94d6b10377d93a92517c9,2026-02-13T06:42:55Z,Storm,onde de tempête goldau ägeri,www.huffingtonpost.fr,fr,0.3,Der Südwesten bleibt nach Sturm Nils in Alarmbereitschaft wegen „schädlicher“ Überschwemmungen. Sturm Nils hat bereits zwei Todesopfer und mindestens fünf schwere Verletzungen verursacht. In Lot-et-Garonne und Gironde besteht weiterhin Alarmstufe Rot wegen Überschwemmungen.,Le Sud-Ouest reste en alerte face à des crues « dommageables » après la tempête Nils,La tempête Nils a déjà fait deux morts et au moins cinq blessés graves. La vigilance rouge pour crue se poursuit dans le Lot-et-Garonne et en Gironde.,The South-West remains on alert for “damaging” floods after storm Nils. Storm Nils has already caused two deaths and at least five serious injuries. Red alert for flooding continues in Lot-et-Garonne and Gironde.,Meridionalis-Occidens in diluvios post Nils tempestas vigilare manet. Tempestas Nils iam duas mortes et saltem quinque graves iniurias effecit. Rubra erecta ad inundationem pergit Lot-et-Garonne et Gironde.,https://www.huffingtonpost.fr/france/video/le-sud-ouest-reste-en-alerte-face-a-des-crues-dommageables-apres-la-tempete-nils_260371.html,https://focus.huffingtonpost.fr/2026/02/13/260/0/5000/2812/1820/1023/75/0/33958c6_upload-1-5ljyowkjtemh-afp-20260212-hl-isouriment-3058837-v1-highres-francefleurancefloodinglakepicnic.jpg,,"La tempête Nils a fait un deuxième mort en France, dans le Tarn-et-Garonne, a annoncé ce vendredi 13 février la porte-parole du gouvernement Maud Bregeon sur TF1. Elle a évoqué une personne qui était… [+2984 chars]",,2026-02-17 11:26:18+00:00,wmo,Switzerland,WCE,Europe
1e58be1c58ac2f7a4fc28a8d3b568b70,2026-02-16T07:46:19Z,Snow&Ice,quaqtaq gelé,www.franceinfo.fr,fr,0.3,"Sturm Nils: In Gironde und Lot-et-Garonne ist der Höhepunkt der Überschwemmungen erreicht, diese Woche wird neues Unwetter befürchtet. Die Departements Gironde und Lot-et-Garonne sowie 14 Departements im Westen des Landes sind am Dienstag weiterhin in Alarmbereitschaft wegen Hochwassergefahr. Obwohl das starke Hochwasser der Garonne ein Plateau erreicht hat, befürchtet der Prognostiker ein Wiederaufflammen...","Tempête Nils : le pic de crue atteint en Gironde et dans le Lot-et-Garonne, de nouvelles intempéries redoutées cette semaine","Les départements de la Gironde et du Lot-et-Garonne sont toujours en vigilance rouge pour risques de crues mardi, aux côtés de 14 départements de l'ouest du pays. Bien que la forte crue de la Garonne ait atteint un plateau, le prévisionniste redoute une repri…","Storm Nils: flood peak reached in Gironde and Lot-et-Garonne, new bad weather feared this week. The departments of Gironde and Lot-et-Garonne are still on red alert for flood risks on Tuesday, alongside 14 departments in the west of the country. Although the strong flood of the Garonne has reached a plateau, the forecaster fears a resumption...","Tempestas Nils: diluvium apicem perventum est in Gironde et Lot-et-Garonne, novas tempestates hac septimana timuerunt. Dicasteria Gironde et Lot-et-Garonne adhuc in rubris intenti periculorum inundationis die Martis, e regione quattuordecim departments in regione occidentali. Tametsi validum Garumnae diluvium in planitiem pervenit, vatem recusationem timet.",https://www.franceinfo.fr/environnement/meteo/alertes-meteo-et-vigilances/direct-tempete-nils-le-pic-de-crue-atteint-en-gironde-et-dans-le-lot-et-garonne-de-nouvelles-intemperies-redoutees-cette-semaine_7808870.html,https://www.franceinfo.fr/pictures/by8hu_k3MQGfmXnzj0kvFa3ruV8/0x53:1024x629/1500x843/2026/02/16/080-hl-isouriment-3061949-6992caccb17f3588722112.jpg,,"Le pic de la crue a été atteint, mais de nouvelles précipitations font craindre une reprise dans les prochains jours. Alors que la tempête Nils balaye la France depuis la semaine dernière, provoquant… [+2099 chars]",,2026-02-17 11:26:18+00:00,wmo,Canada,NEN,North-America
509b62deb0f2b43697fab35c0e027134,2026-02-08T12:14:16Z,Precipitation,pluie france,www.franceinfo.fr,fr,0.7,"Warum reden wir von Dürre, obwohl es so aussieht, als hätte es viel geregnet? WirAntworten Klima. Sie haben es zweifellos bemerkt: In Frankreich gibt es derzeit starke Regenfälle, auf die unmittelbar Dürren folgen. Wie ist das möglich?",Pourquoi parle-t-on de sécheresse même lorsqu’on a l’impression qu’il a beaucoup plu ? OnVousRépond Climat,"Vous l’avez sans doute remarqué : la France connaît désormais des périodes de pluies intenses, suivies immédiatement de sécheresses. Comment est-ce possible ?","Why do we talk about drought even when it seems like it rained a lot? WeAnswer Climate. You have undoubtedly noticed: France is now experiencing periods of intense rain, followed immediately by droughts. How is this possible?","Cur de siccitate loquimur etiam cum multum videtur pluisse? WeAnswer Clima. Animadvertisti proculdubio: Gallia iam tempora pluviae vehementis experitur, et statim siccitates secutae sunt. Quomodo hoc fieri potest?",https://www.franceinfo.fr/environnement/onvousrepond-climat/pourquoi-parle-t-on-de-secheresse-meme-lorsqu-on-a-l-impression-qu-il-a-beaucoup-plu-onvousrepond-climat_7749025.html,https://www.franceinfo.fr/pictures/rEuhskNWSKJz-fvD1N3KaQkCfQM/0x0:736x414/1500x843/2026/01/18/78-696c678de2a38153377539.png,,"Vous lavez sans doute remarqué : la France connaît désormais des périodes de pluies intenses, suivies immédiatement de sécheresses. Comment est-ce possible ?
Posez la question autour de vous : ces d… [+2992 chars]",,2026-02-17 11:26:18+00:00,wmo,France,WCE,Europe
bb4ecbc4a2eb5fb30019944b9b0e1d47,2026-02-12T14:33:02Z,Storm,tempête france,www.futura-sciences.com,fr,0.7,"Sturm Nils: Liegt das Heftigste wirklich hinter uns? Was das Wetter noch fürchtet. Sturm Nils überquerte die Südhälfte Frankreichs und verursachte in bestimmten Departements nicht nur außergewöhnlich heftige Winde, sondern auch sintflutartige Regenfälle.",Tempête Nils : le plus violent est-il vraiment derrière nous ? Ce que la météo redoute encore,"La tempête Nils a traversé la moitié sud de la France en provoquant, non seulement du vent exceptionnellement violent sur certains départements, mais aussi des pluies diluviennes.","Storm Nils: is the most violent really behind us? What the weather still fears. Storm Nils crossed the southern half of France, causing not only exceptionally violent winds in certain departments, but also torrential rain.","Tempestas Nils: vere est vehementissima post nos? Quid tamen tempestas timet. Tempestas Nils meridionalem partem Franciae transiit, causando non solum ventos eximios in aliquibus rebus vehementibus, sed etiam pluvias torrentes.",https://www.futura-sciences.com/planete/actualites/tempete-nils-tempete-nils-plus-violent-il-vraiment-derriere-nous-ce-meteo-redoute-encore-131227/,https://cdn8.futura-sciences.com/a1280/images/nils%20temp%C3%AAte.jpg,,"La tempête Nils aura finalement été encore plus forte que prévu. Fait rare, ce jeudi matin, Météo France avait placé cinq départements en vigilance rouge pour trois phénomènes météo différents : le r… [+2879 chars]",,2026-02-17 11:26:18+00:00,wmo,France,WCE,Europe
4ddffe4c747b14585d5b4bde3c3b20f5,2026-02-13T06:21:30Z,Storm,tempête france,www.lalibre.be,fr,0.7,"Sturm Nils: 450.000 Haushalte in Frankreich immer noch ohne Strom. Rund 450.000 Haushalte seien am Freitagmorgen noch immer ohne Strom, teilte Netzmanager Enedis mit, nachdem der Sturm Nils über den Südwesten fegte und schwere Überschwemmungen verursachte. ...",Tempête Nils: 450.000 foyers toujours privés d'électricité en France,"Quelque 450.000 foyers sont toujours privés d'électricité vendredi matin, a annoncé le gestionnaire de réseau Enedis, après le passage de la tempête Nils qui a balayé le Sud-Ouest, touché par d'importantes crues. ...","Storm Nils: 450,000 homes still without electricity in France. Some 450,000 homes are still without electricity on Friday morning, announced network manager Enedis, after the passage of storm Nils which swept across the South-West, affected by significant flooding. ...","Storm Nils: 450,000 domos adhuc sine electricitate in Gallia. Aliquot 450,000 domos adhuc sine electricitate mane Veneris die nuntiaverunt procuratorem retis Enedis, post transitum procellarum Nils, quae trans Austrum-Occidentem verrebantur, significantibus inundationibus affectae. ...",https://www.lalibre.be/international/europe/2026/02/13/tempete-nils-450000-foyers-toujours-prives-delectricite-en-france-OTRHDN3DRRHS7G6KAQO5JYFQ7E/,https://www.lalibre.be/resizer/v2/AYVOGXRLFJF5ZJDURC5XPGSUVA.jpg?auth=7c5b8105b73a36a9462fdbc9ab4810425f63a3cfeefec00a682396ab495b3120&width=1200&height=630&quality=85&focal=3035%2C2023,,"Records de froid en Europe, tempêtes et rivières atmosphériques: un hiver historique, pour plusieurs raisonsNéanmoins, dans l'Ouest, touché ces dernières semaines par des précipitations abondantes, d… [+927 chars]",,2026-02-17 11:26:18+00:00,wmo,France,WCE,Europe
048708b6c794537efdffb7ddd547446d,2026-02-14T09:15:31Z,Precipitation,précipitations france,www.lemonde.fr,fr,0.7,VIDEO. Nach dem Sturm Nils kommt es in Frankreich zu „flächendeckenden Überschwemmungen“. Video – Für Gironde und Lot-et-Garonne gilt Alarmstufe Rot. Aufgrund weiterer Regenfälle auf bereits durchnässten Böden ist mit Überschwemmungen zu rechnen.,VIDÉO. La France en situation de « crue généralisée » après le passage de la tempête Nils,Vidéo - La Gironde et le Lot-et-Garonne sont placés en vigilance rouge. Des débordements sont attendus en raison de nouvelles précipitations sur des sols déjà détrempés.,VIDEO. France in a situation of “widespread flooding” after the passage of storm Nils. Video – Gironde and Lot-et-Garonne are placed on red alert. Overflows are expected due to further rainfall on already soggy soils.,"VIDEO. Gallia in statu ""inundationis diffusae"" post transitum procellarum Nils. Video – Gironde et Lot-et-Garonne in rubris erectis collocati sunt. Redundat expectatur ob ulteriores pluvias in terrae iam TRACTUOSUS.",https://www.lemonde.fr/videos/video/2026/02/14/video-la-france-en-situation-de-crue-generalisee-apres-le-passage-de-la-tempete-nils_6666757_1669088.html,https://img.lemde.fr/2026/02/13/0/450/6804/4536/1440/960/60/0/3cb8fba_ftp-1-y5v70o0adm21-5162033-01-06.jpg,,"La France reste en alerte, samedi 14 février, en raison de risques de crues provoquées par plusieurs jours dintempéries, dont la violente tempête Nils.
Le ministre délégué chargé de la transition éc… [+970 chars]",,2026-02-17 11:26:18+00:00,wmo,France,WCE,Europe
0facc01ba4c4191aeee5e4ce678ac07e,2026-02-16T06:13:36Z,Precipitation,précipitations france,www.lemonde.fr,fr,0.7,"LIVE, Sturm Nils: Gironde und Lot-et-Garonne bleiben bis Dienstag in Alarmbereitschaft, weitere heftige Regenfälle werden im Südwesten erwartet. Météo-France verlängerte seine Hochwasserwarnungen bis Dienstag, während 14 weitere Departements im Süden und Westen Frankreichs in Alarmstufe Orange blieben. Weitere Niederschläge, besonders heftig über den Pyrenäen, werden erwartet.","EN DIRECT, tempête Nils : la Gironde et le Lot-et-Garonne restent en vigilance rouge jusqu’à mardi, de nouvelles fortes pluies attendues dans le Sud-Ouest","Météo-France a prolongé ses vigilances crues jusqu’à mardi, avec 14 autres départements du sud et de l’ouest de la France maintenus en vigilance orange. De nouvelles précipitations, particulièrement importantes sur les Pyrénées, sont attendues.","LIVE, storm Nils: Gironde and Lot-et-Garonne remain on red alert until Tuesday, further heavy rain expected in the South-West. Météo-France extended its flood alerts until Tuesday, with 14 other departments in the south and west of France kept on orange alert. Further precipitation, particularly heavy over the Pyrenees, is expected.","LIVE, procella Nils: Gironde et Lot-et-Garonne maneant erecti rubris usque ad diem Martis, adhuc gravis pluvia in Austro-Occidente expectata. Météo-Franca usque ad diem Martis suum diluvium extendit, cum 14 aliis rebus in Gallia meridionali et occidente vigilavit aurantiaco. Praeterea praecipitatio, in Pyrenaeo praecipue gravior, expectatur.",https://www.lemonde.fr/planete/live/2026/02/16/en-direct-tempete-nils-la-gironde-et-le-lot-et-garonne-restent-en-vigilance-rouge-jusqu-a-mardi-de-nouvelles-fortes-pluies-attendues-dans-le-sud-ouest_6666430_3244.html,https://img.lemde.fr/2026/02/15/881/0/6516/3258/1440/720/60/0/50306d7_ftp-1-0au4gildfwcv-805e280e316b49d4a113b4530f2a240f-0-16f15e4de00744ccbd3b5605c633132f.jpg,,"« Vous regardez tout autour de vous, cest un océan, ça fait flipper quand même. Cest un lac. Restons prudents, il pleut beaucoup et tous les sols sont détrempés »,a déclaré dimanche à lAgence France-… [+1257 chars]",,2026-02-17 11:26:18+00:00,wmo,France,WCE,Europe
f09e90758ffb2a683829c5e535bb4b92,2026-02-16T10:05:51Z,Storm,tempête france,www.lemonde.fr,fr,0.7,"LIVE, Sturm Nils: Gironde und Lot-et-Garonne bleiben in Alarmbereitschaft, weitere heftige Regenfälle im Südwesten erwartet. Météo-France verlängerte seine Hochwasserwarnungen bis Dienstag, während 14 weitere Departements im Süden und Westen Frankreichs in Alarmstufe Orange blieben. Weitere Niederschläge, besonders heftig über den Pyrenäen, werden erwartet.","EN DIRECT, tempête Nils : la Gironde et le Lot-et-Garonne restent en vigilance rouge, de nouvelles fortes pluies attendues dans le Sud-Ouest","Météo-France a prolongé ses vigilances crues jusqu’à mardi, avec 14 autres départements du sud et de l’ouest de la France maintenus en vigilance orange. De nouvelles précipitations, particulièrement importantes sur les Pyrénées, sont attendues.","LIVE, storm Nils: Gironde and Lot-et-Garonne remain on red alert, further heavy rain expected in the South-West. Météo-France extended its flood alerts until Tuesday, with 14 other departments in the south and west of France kept on orange alert. Further precipitation, particularly heavy over the Pyrenees, is expected.","LIVE, procella Nils: Gironde et Lot-et-Garonne maneant erecti rubris, adhuc graves pluviae in Austro-Occidente expectatae. Météo-Franca usque ad diem Martis suum diluvium extendit, cum 14 aliis rebus in Gallia meridionali et occidente vigilavit aurantiaco. Praeterea praecipitatio, in Pyrenaeo praecipue gravior, expectatur.",https://www.lemonde.fr/planete/live/2026/02/16/en-direct-tempete-nils-la-gironde-et-le-lot-et-garonne-restent-en-vigilance-rouge-de-nouvelles-fortes-pluies-attendues-dans-le-sud-ouest_6666430_3244.html,https://img.lemde.fr/2026/02/15/881/0/6516/3258/1440/720/60/0/50306d7_ftp-1-0au4gildfwcv-805e280e316b49d4a113b4530f2a240f-0-16f15e4de00744ccbd3b5605c633132f.jpg,,"« Vous regardez tout autour de vous, cest un océan, ça fait flipper quand même. Cest un lac. Restons prudents, il pleut beaucoup et tous les sols sont détrempés »,a déclaré dimanche à lAgence France-… [+1257 chars]",,2026-02-17 11:26:18+00:00,wmo,France,WCE,Europe
aab3b5f0cf048075de8825492e774712,2026-02-09T18:29:54Z,Drought,sécheresse saint barthélémy,france3-regions.franceinfo.fr,fr,0.3,"Ein Langläufer kam bei einer Lawine in Isère ums Leben: „Die Schneerutsche hat 500 Höhenmeter zurückgelegt.“ An diesem Montag, dem 9. Februar, starb ein etwa dreißigjähriger Skiwanderer infolge einer Lawine im Belledonne-Massiv in der Isère. Der Mann, der ihn begleitete, konnte der Lawine entkommen. Nach Angaben des Rettungsdienstes handelte es sich bei den beiden Mittdreißigern „aus …“","Un skieur de randonnée tué dans une avalanche en Isère : ""La coulée de neige a parcouru 500 mètres de dénivelé""","Ce lundi 9 février, un randonneur à ski âgé d'une trentaine d'années est mort emporté par une avalanche dans le massif de Belledonne, en Isère. L'homme qui l'accompagnait a pu s'extraire de l'avalanche. Selon les secours, les deux trentenaires ""originaires de…","A cross-country skier killed in an avalanche in Isère: “The snow slide covered 500 meters of altitude difference”. This Monday, February 9, a ski hiker aged around thirty died following an avalanche in the Belledonne massif, in Isère. The man who accompanied him was able to escape the avalanche. According to emergency services, the two thirty-somethings “from…","Crux-patria nauta occidit in avalanche in Isere: ""Nives slide operuerunt 500 metrorum altitudinis differentia"". Haec Lunae, IX mensis Februarii, ski hiker aetatis circiter triginta mortuus est post montem cadentem in Massif Belledonne, in Isère. Homo, qui eum comitatur, potuit montem cadentem effugere. Iuxta officia subitis, duo triginta res ""ab ...",https://france3-regions.franceinfo.fr/auvergne-rhone-alpes/isere/grenoble/un-skieur-de-randonnee-tue-dans-une-avalanche-en-isere-la-coulee-de-neige-a-parcouru-500-metres-de-denivele-3296673.html,https://france3-regions.franceinfo.fr/image/XpkUzJKHDTpKedxb6bSzALyNGDE/930x620/regions/2026/02/09/maxstockfr061129-4-698a228e47bd3618737721.jpg,,"Ce lundi 9 février, un randonneur à ski âgé d'une trentaine d'années est mort emporté par une avalanche dans le massif de Belledonne, en Isère. L'homme qui l'accompagnait a pu s'extraire de l'avalanc… [+1808 chars]",,2026-02-17 16:33:32+00:00,edo,Saint Barthelemy,CAR,North-America
72e3bc209d70b6ed7c56787338e099fc,2026-02-11T17:47:36Z,Snow&Ice,la Suisse glaciale,www.lemonde.fr,fr,0.3,"Lawinen in den Alpen: Orangefarbene Wachsamkeit und maximales Risiko am Donnerstag im Mont-Blanc- und Savoie-Massiv. Diese Warnung kommt, da die Skisaison in den Alpenresorts in vollem Gange ist und die Behörden die Besucher ständig vor der Gefahr des Skifahrens abseits der Pisten bei Lawinenbedingungen warnen.",Avalanches dans les Alpes : vigilance orange et risque maximal jeudi sur les massifs du Mont-Blanc et de la Savoie,"Cet avertissement intervient alors que la saison du ski bat son plein dans les stations alpines, où les autorités n’ont de cesse de mettre en garde les visiteurs contre le danger du ski hors piste lorsque les conditions sont avalancheuses.","Avalanches in the Alps: orange vigilance and maximum risk Thursday in the Mont-Blanc and Savoie massifs. This warning comes as the ski season is in full swing in Alpine resorts, where authorities are constantly warning visitors of the danger of off-piste skiing in avalanche conditions.","Avalanches in Alpibus: vigilantia aurantiaca et maximum periculum Iovis in Mont-Blanc et Savoie massifs. Haec admonitio venit ut tempus ski in plenis adductionibus in Alpinis frequentatur, ubi auctores constanter admonent hospites periculi off-piste skiing in condiciones valanche.",https://www.lemonde.fr/planete/article/2026/02/11/avalanches-dans-les-alpes-vigilance-orange-et-risque-maximal-jeudi-sur-les-massifs-du-mont-blanc-et-de-la-savoie_6666371_3244.html,https://img.lemde.fr/2025/06/26/0/0/3000/2000/1440/960/60/0/d6c4dbe_upload-1-bbei0iezfqje-frame-23.jpg,,"Le risque davalanche sera à son maximum jeudi dans de nombreux massifs des Alpes, avertit mercredi 11 février Météo-France, qui a placé les Hautes-Alpes, lIsère, la Savoie et la Haute-Savoie en vigil… [+1772 chars]",,2026-02-17 16:33:32+00:00,wmo,Switzerland,WCE,Europe
ca10e9237ce4276a90c00e2f4b25eec9,2026-02-12T17:22:09Z,Snow&Ice,gel nain et environs,france3-regions.franceinfo.fr,fr,0.3,"Sturm Nils in den Alpen: Drei von der Welt abgeschnittene Dörfer bei Chamonix, „vorpositionierte Einsatzfahrzeuge“. Aufgrund des starken Schneefalls und der sehr hohen Lawinengefahr sind die Dörfer Vallorcine, Le Tour und Montroc, die am Fuße des Chamonix-Tals (Haute-Savoie) liegen, seit Donnerstag, dem 12. Februar, nicht mehr über die Straße erreichbar.","Tempête Nils dans les Alpes : trois villages coupés du monde près de Chamonix, ""des engins de secours pré-positionnés""","En raison des importantes chutes de neige et du très fort risque d'avalanche, les villages de Vallorcine, du Tour et de Montroc, situés au fond de la vallée de Chamonix (Haute-Savoie), ne sont plus accessibles par voie routière depuis ce jeudi 12 février. Un …","Storm Nils in the Alps: three villages cut off from the world near Chamonix, “pre-positioned emergency vehicles”. Due to heavy snowfall and the very high risk of avalanches, the villages of Vallorcine, Le Tour and Montroc, located at the bottom of the Chamonix valley (Haute-Savoie), are no longer accessible by road since Thursday February 12. A …","Storm Nils in Alpibus: tres villae ab orbe terrarum praecisae prope Chamonix, ""vehiculis subitis prae-positi"". Ob nix gravem et praealtum periculum avalanches, villae Vallorcine, Le Tour et Montroc, in fundo Vallis Chamonix (Haute-Savoie), non amplius pervia pervia sunt ex die Iovis Februarii 12. A …",https://france3-regions.franceinfo.fr/auvergne-rhone-alpes/haute-savoie/chamonix/tempete-nils-dans-les-alpes-trois-villages-coupes-du-monde-pres-de-chamonix-des-engins-de-secours-pre-positionnes-3298551.html,https://france3-regions.franceinfo.fr/image/D_k5WHTIIX_en09AAICcAHozc_M/930x620/regions/2026/02/12/1000062791-698e01834b925135187607.jpg,,"En raison des importantes chutes de neige et du très fort risque d'avalanche, les villages de Vallorcine, du Tour et de Montroc, situés au fond de la vallée de Chamonix (Haute-Savoie), ne sont plus a… [+2111 chars]",,2026-02-17 16:33:32+00:00,wmo,Canada,NEN,North-America
bf863c39a8d1205675659f3530359ab3,2026-02-12T19:07:03Z,Snow&Ice,neige saint cergue,www.huffingtonpost.fr,fr,0.3,"Savoyen: Angesichts des Sturms Nils werden die Einwohner von Tignes für die Nacht eingesperrt. In dem Departement, in dem Lawinenwarnung herrscht, ist mit starkem Schneefall zu rechnen.","Savoie : face à la tempête Nils, les habitants de Tignes confinés pour la nuit",Des fortes chutes de neige sont attendues dans le département placé en vigilance rouge avalanches.,"Savoie: faced with storm Nils, the inhabitants of Tignes confined for the night. Heavy snowfall is expected in the department placed on red avalanche alert.","Savoie: adversus Nils procellam, Tignes incolae nocte inclusi. Gravis nix expectatur in department posita in rubra NIVIS CAELESTI.",https://www.huffingtonpost.fr/france/article/savoie-face-a-la-tempete-nils-les-habitants-de-tignes-confines-pour-la-nuit_260362.html,https://focus.huffingtonpost.fr/2026/02/12/510/0/4896/2754/1820/1023/75/0/e65f6b7_upload-1-pgxfcozx66yu-afp-20221211-hl-tdurand-1917041-v1-highres-francesavoietignesskiresortstationde.jpg,,"Cest une mesure rare prise par la station de Tignes, en Savoie, ce jeudi 12 février. La mairie a pris un arrêté de confinement de la population pour la nuit de jeudi à vendredi en raison des fortes c… [+3573 chars]",,2026-02-17 16:33:32+00:00,wmo,Switzerland,WCE,Europe
008344acb1f586550876965056eff77c,2026-02-13T07:57:09Z,Snow&Ice,givre kugaaruk,www.20minutes.fr,fr,0.3,"Wir erklären, dass der Bahnhof Tignes über Nacht geschlossen war. Das Rathaus des Ferienortes Tignes in Savoyen hat am Donnerstag angeordnet, die Bevölkerung wegen des erwarteten starken Schneefalls für die Nacht einzusperren.","La station de Tignes a été confinée pendant la nuit, on vous explique","La mairie de la station de Tignes, en Savoie, a pris jeudi un arrêté de confinement de la population pour la nuit en raison des fortes chutes de neige attendues","The Tignes station was confined overnight, we explain. The town hall of the Tignes resort, in Savoie, issued an order on Thursday to confine the population for the night due to the expected heavy snowfall.","Tignes stationem pernoctare, explicamus. Praetorium oppidum Tignes in Savoie conveniunt, edictum die Iovis ad multitudinem noctis ob exspectationem nix gravem coercendam.",https://www.20minutes.fr/societe/4201295-20260213-station-tignes-confinee-pendant-nuit-explique,https://img.20mn.fr/pQ2io2oCRICLJK9VhNsQuyk/1444x920_la-station-de-tignes-en-savoie-etait-confinee-de-jeudi-23-heures-a-ce-vendredi-matin-6-heures,,"La population devait « restée confinée à son domicile ou sa résidence de vacances », de 23 heures jeudi à 6 heures, ce vendredi, indique un arrêté publié sur le site internet de la commune de Tignes,… [+1539 chars]",,2026-02-17 16:33:32+00:00,wmo,Canada,NEN,North-America
0f928fb0d3a18f8a656a24bae765a773,2026-02-13T08:39:00Z,Drought,sécheresse république centrafricaine,www.ledauphine.com,fr,0.3,"Video. Die beeindruckenden Bilder dieser Lawine wurden in Isère ausgelöst. Die Szene spielt sich am Mittwochmorgen, dem 11. Februar, im Weiler Sardonne zwischen den Dörfern Allemond und Villard-Reculas (Isère) ab.",Vidéo. Les images impressionnantes de cette avalanche déclenchée en Isère,"La scène se déroule au hameau de Sardonne, entre les villages d'Allemond et de Villard-Reculas (Isère), mercredi 11 février au matin.","Video. The impressive images of this avalanche triggered in Isère. The scene takes place in the hamlet of Sardonne, between the villages of Allemond and Villard-Reculas (Isère), Wednesday February 11 in the morning.","Videor. Imagines impressivae huius NIVIS CASUS in Isère utitur. Scaena in pago Sardonne inter villas Allemondiae et Villard-Reculas (Isère), Mercurii die 11 Februarii mane.",https://www.ledauphine.com/environnement/2026/02/13/les-images-impressionnantes-de-cette-avalanche-declenchee-en-isere,https://cdn-s-www.ledauphine.com/images/B9CBF1D3-296F-4869-B35C-0BD49CB82D8C/FB1200/photo-1770971987.jpg,,"La neige semble dévaler lentement la pente mais on y devine une certaine puissance, ressemblant à une coulée de lave. Ce n'est pas de la chaleur brûlante, mais une avalanche de neige humide, qui a ét… [+1874 chars]",,2026-02-17 16:33:32+00:00,edo,Central African Republic,CAF,Africa
3f715f35a1e8ae163a0b569d921a4a2c,2026-02-14T06:15:02Z,Earthquake,tremblement de terre également,france3-regions.franceinfo.fr,fr,0.3,"„Wiederholte und regelmäßige Niederschläge“: In den kommenden Tagen wird in den Alpen weiterer Schneefall erwartet. Nach den starken Regenfällen der letzten Tage wird ab diesem Samstag, dem 14. Februar, mit weiteren Schneefällen gerechnet, die bis Anfang nächster Woche anhalten werden. Die Lawinengefahr dürfte in den Bergen hoch bleiben.","""Des précipitations répétées et régulières"" : de nouvelles chutes de neige attendues dans les Alpes ces prochains jours","Après les importantes précipitations de ces derniers jours, de nouvelles chutes de neige sont attendues dès ce samedi 14 février et se prolongeront en début de semaine prochaine. Le risque d'avalanche devrait rester important en montagne.","“Repeated and regular precipitation”: further snowfall expected in the Alps in the coming days. After the significant rainfall of recent days, further snowfall is expected from this Saturday, February 14 and will continue into the beginning of next week. The risk of avalanches should remain high in the mountains.","""Repetita et regularis praecipitatio"": ulterior nix in Alpibus venturis diebus expectatur. Post significantes pluvias recentium dierum, ulterior nix expectatur ab hoc Sabbato, die 14 Februarii et in principium proximae hebdomadis durabit. Alti in montibus avalanches periculum manere debent.",https://france3-regions.franceinfo.fr/auvergne-rhone-alpes/isere/des-precipitations-repetees-et-regulieres-de-nouvelles-chutes-de-neige-attendues-dans-les-alpes-ces-prochains-jours-3298743.html,https://france3-regions.franceinfo.fr/image/9w8o1Xr13IldxXI_dqLmZ6T8ASo/930x620/regions/2026/02/13/080-hl-mdelaty-3056420-698f4f47a3fc2344329318.jpg,,"Après les importantes précipitations de ces derniers jours, de nouvelles chutes de neige sont attendues dès ce samedi 14 février et se prolongeront en début de semaine prochaine. Le risque d'avalanch… [+2570 chars]",,2026-02-17 16:33:32+00:00,usgs,Wallis and Futuna,SPO,Pacific Ocean
13786c18b66a793b11ea7015ef2e3403,2026-02-11T10:55:30Z,Snow Avalanche,avalanche isère savoie haute savoie,france3-regions.franceinfo.fr,fr,0.7,"Regen, Erdrutsche, Lawinengefahr: Nach heftigem Unwetter sind in den Alpen mehrere Straßen für den Verkehr gesperrt. Mehrere Straßen waren an diesem Mittwoch, dem 11. Februar, wegen schlechten Wetters in den Departements Isère, Savoie und Haute-Savoie gesperrt. Umleitungen wurden eingerichtet.","Pluie, éboulements, risque d'avalanche : plusieurs routes coupées à la circulation dans les Alpes après d'intenses intempéries","Plusieurs routes ont été fermées, ce mercredi 11 février, à cause d'intempéries qui ont touché les départements de l'Isère, de la Savoie et de la Haute-Savoie. Des déviations ont été mises en place.","Rain, landslides, risk of avalanche: several roads closed to traffic in the Alps after intense bad weather. Several roads were closed this Wednesday, February 11, due to bad weather which affected the departments of Isère, Savoie and Haute-Savoie. Diversions have been put in place.","Pluviis, proruit, periculum avalanche: complura itinera in Alpibus clausae ad mercaturam post nimiam tempestatem. Plures viae clausae sunt hac die Mercurii XI mensis Februarii, ob tempestatibus tempestatibus quibus Dicasteria Isère, Savoie et Haute-Savoie afficiebant. Diversitates positae sunt.",https://france3-regions.franceinfo.fr/auvergne-rhone-alpes/savoie/pluie-eboulements-risque-d-avalanche-plusieurs-routes-coupees-a-la-circulation-dans-les-alpes-apres-d-intenses-intemperies-3297465.html,https://france3-regions.franceinfo.fr/image/C3byQ2QmoXWzp5HtoTFNfpZmw9Y/930x620/regions/2026/02/11/eboul-dep-74-698c5b8e6f5d9290267673.jpg,,"Plusieurs routes ont été fermées, ce mercredi 11 février, à cause d'intempéries qui ont touché les départements de l'Isère, de la Savoie et de la Haute-Savoie. Des déviations ont été mises en place.… [+3695 chars]",,2026-02-17 16:33:32+00:00,wmo,France,WCE,Europe
f181f29cacf3de840ab15a438ccf499b,2026-02-11T11:28:47Z,Snow Avalanche,avalanche isère savoie haute savoie,france3-regions.franceinfo.fr,fr,0.7,"„Es sind große, sogar sehr große Lawinen zu erwarten“: Orangefarbene Wachsamkeit in den Departements der Nordalpen. Die Departements Savoie, Haute-Savoie und Isère wurden an diesem Mittwoch, dem 11. Februar, in den Alarmzustand für orangefarbene Lawinen versetzt. Angesichts der vorhergesagten starken Regenfälle wird erwartet, dass die Situation bis Donnerstag anhält.","""De grandes, voire de très grandes avalanches à attendre"" : vigilance orange dans les départements des Alpes du Nord","Les départements de la Savoie, de la Haute-Savoie et de l'Isère ont été placés en vigilance orange risque avalanche, ce mercredi 11 février. La situation devrait se prolonger jusqu'à ce jeudi, face aux importantes précipitations prévues.","“Large, even very large avalanches to expect”: orange vigilance in the departments of the Northern Alps. The departments of Savoie, Haute-Savoie and Isère were placed on orange avalanche risk alert this Wednesday, February 11. The situation is expected to continue until Thursday, given the heavy rainfall forecast.","""Magna, etiam maxima avalanches exspectare"": orange vigilantia in Dicasteriis Alpium Septentrionalium. Dicasteria Savoie, Haute-Savoie et Isère in aurantiorum NIVIS periculum intenti hac die Mercurii positi sunt. Februarius 11. Situs expectatur usque ad Iovis manere, dato pluviarum gravium praenuntiatione.",https://france3-regions.franceinfo.fr/auvergne-rhone-alpes/isere/de-grandes-voire-de-tres-grandes-avalanches-a-attendre-vigilance-orange-dans-les-departements-des-alpes-du-nord-3297570.html,https://france3-regions.franceinfo.fr/image/hxYV3TEPAQrGsGCJgzGp9QGNds0/930x620/regions/2026/02/11/000-94jz2xv-698c62038e01d704150157.jpg,,"Les départements de la Savoie, de la Haute-Savoie et de l'Isère ont été placés en vigilance orange risque avalanche, ce mercredi 11 février. La situation devrait se prolonger jusqu'à ce jeudi, face a… [+2371 chars]",,2026-02-17 16:33:32+00:00,wmo,France,WCE,Europe
bb9adde37b6e80699f9c193941e6257b,2026-02-11T17:53:17Z,Snow Avalanche,avalanche france,france3-regions.franceinfo.fr,fr,0.7,"Talwärts werden „viele große Lawinen“ erwartet: Maximale Gefahr in mehreren Alpenmassiven. Die Lawinengefahr wird an diesem Donnerstag, dem 12. Februar, in vielen Alpenmassiven ihr Maximum erreichen und auf 5/5 geschätzt, warnt Météo-France. Einige Lawinen könnten Straßen und Infrastruktur im Tal erreichen.","""De nombreuses grandes avalanches"" attendues jusqu'en vallée : risque maximal dans plusieurs massifs des Alpes","Le risque avalanche sera à son maximum, évalué à 5/5 ce jeudi 12 février dans de nombreux massifs des Alpes, avertit Météo-France. Certaines avalanches pourraient atteindre des routes et des infrastructures en vallée.","“Many large avalanches” expected up to the valley: maximum risk in several Alpine massifs. The avalanche risk will be at its maximum, estimated at 5/5 this Thursday, February 12 in many massifs of the Alps, warns Météo-France. Some avalanches could reach roads and infrastructure in the valley.","""Multae magnae avalanches"" usque ad vallem exspectantur: maximum periculum in pluribus alpinis massifibus. Periculum NIVIS erit in maximo suo, aestimatum die 5/5 huius Iovis, die 12 Februarii in multis massifibus Alpium, monet Météo-Gallia. Nonnulli avalanches in valle et infrastructura itinera perveniunt.",https://france3-regions.franceinfo.fr/auvergne-rhone-alpes/savoie/albertville/de-nombreuses-grandes-avalanches-attendues-jusqu-en-vallee-risque-maximal-dans-plusieurs-massifs-des-alpes-3297927.html,https://france3-regions.franceinfo.fr/image/Aq5KtEnOWi3x15Kd3sHId3-NXZs/930x620/regions/2026/02/11/maxstockfr061129-5-698cbcfdea46c441813243.jpg,,"Le risque avalanche sera à son maximum, évalué à 5/5 ce jeudi 12 février dans de nombreux massifs des Alpes, avertit Météo-France. Certaines avalanches pourraient atteindre des routes et des infrastr… [+2747 chars]",,2026-02-17 16:33:32+00:00,wmo,France,WCE,Europe
79cd2146805bdaeb18e796b15dac0fe6,2026-02-12T18:04:49Z,Precipitation,averse france,france3-regions.franceinfo.fr,fr,0.7,"IN BILDERN. „Anhäufungen bis zu 1 Meter 50“: Fotos und Videos von „außergewöhnlichem“ Schneefall in den Skigebieten der Alpen. Seit Mittwoch, dem 11. Februar, kommt es aufgrund des Sturms Nils, der über Frankreich zieht, in den Alpendepartements Isère, Savoie und Haute-Savoie zu heftigen, als außergewöhnlich bezeichneten Schneefällen, manchmal bis zu 1,50 m über 20...","EN IMAGES. ""Des cumuls jusqu'à 1 mètre 50"" : les photos et vidéos des chutes de neige ""exceptionnelles"" dans les stations des Alpes","Depuis mercredi 11 février, en raison de la tempête Nils qui traverse la France, les départements alpins - Isère, Savoie et Haute-Savoie - connaissent de fortes précipitations de neige, qualifiées d’exceptionnelles, allant parfois jusqu'à 1m50 au dessus de 20…","IN PICTURES. “Cumulations of up to 1 meter 50”: photos and videos of “exceptional” snowfall in the resorts of the Alps. Since Wednesday February 11, due to the storm Nils which crosses France, the Alpine departments - Isère, Savoie and Haute-Savoie - have experienced heavy snowfall, described as exceptional, sometimes up to 1.50 m above 20...","IN PICTURIS. Cumulationes usque ad 1 metri 50: imagines et cinematographicae ""eximiae"" nix in frequentationibus Alpium. Cum Mercurii die 11 Februarii ob procellam Nils quae Galliam, Dicasteria Alpinae - Isère, Savoie et Haute-Savoie - experti sunt, nix graves experti sunt, eximii, interdum usque ad 1.50 m supra XX...",https://france3-regions.franceinfo.fr/auvergne-rhone-alpes/isere/en-images-des-cumuls-jusqu-a-1-metre-50-les-photos-et-videos-des-chutes-de-neige-exceptionnelles-dans-les-stations-des-alpes-3298389.html,https://france3-regions.franceinfo.fr/image/P8mrl9OQVV3JLdhXLVLsvIpuFFk/930x620/regions/2026/02/12/plato-oph-lie-piste-comment-la-sata-g-re-la-crise-l-alpe-d-huez-00-00-54-14-698e086f85634905743167.jpg,,"Depuis mercredi 11 février, en raison de la tempête Nils qui traverse la France, les départements alpins - Isère, Savoie et Haute-Savoie - connaissent de fortes précipitations de neige, qualifiées de… [+2792 chars]",,2026-02-17 16:33:32+00:00,wmo,France,WCE,Europe
f84f776b78fd3fd84a7ac6834ea4bae2,2026-02-16T05:00:15Z,Snow Avalanche,avalanche isère savoie haute savoie,france3-regions.franceinfo.fr,fr,0.7,"Lokal werden bis zu 90 Zentimeter Schnee erwartet: Savoie, Haute-Savoie und Isère unterliegen der Lawinenwarnung Orange. Oberhalb von 1.500 m werden an diesem Montag zwischen 50 und 70 cm Neuschnee erwartet, örtlich bis zu 90 cm in Savoie, Haute-Savoie und Isère. Aus diesem Grund unterliegen diese Abteilungen ab 4 Uhr morgens der orangefarbenen „Lawinen“-Wachsamkeit.","Jusqu'à 90 centimètres de neige attendus localement : la Savoie, la Haute-Savoie et l'Isère placés en vigilance orange avalanche","Entre 50 et 70 cm de neige fraîche sont attendus ce lundi au dessus de 1 500 m d'altitude, et jusqu'à 90 cm localement, en Savoie, Haute-Savoie et Isère. Par conséquent, ces départements sont placés en vigilance orange ""avalanches"" à compter de 4h du matin ce…","Up to 90 centimeters of snow expected locally: Savoie, Haute-Savoie and Isère placed on orange avalanche alert. Between 50 and 70 cm of fresh snow are expected this Monday above 1,500 m altitude, and up to 90 cm locally, in Savoie, Haute-Savoie and Isère. Consequently, these departments are placed on orange “avalanche” vigilance from 4 a.m. this…","Usque ad 90 centimetra nivis localiter expectata: Savoie, Haute-Savoie et Isère in aurantiaca NIVIS erecta posita sunt. Inter 50 et 70 cm nix recens expectata est Lunae supra 1,500 m altitudinis, et ad 90 cm localiter, in Savoie, Haute-Savoie et Isère. Quocirca hae Dicasteria vigilantia a 4 a.m. hoc in orange positi sunt ""avalanche"".",https://france3-regions.franceinfo.fr/auvergne-rhone-alpes/savoie/jusqu-a-90-centimetres-de-neige-attendus-localement-la-savoie-la-haute-savoie-et-l-isere-places-en-vigilance-orange-avalanche-3299841.html,https://france3-regions.franceinfo.fr/image/YFeVTw3ICN_F6bBg41FYn3_vKHI/930x620/regions/2026/02/15/080-hl-smouchmouche-3018978-6991e4c7f12e7608059947.jpg,,"Entre 50 et 70 cm de neige fraîche sont attendus ce lundi au dessus de 1 500 m d'altitude, et jusqu'à 90 cm localement, en Savoie, Haute-Savoie et Isère. Par conséquent, ces départements sont placés … [+2097 chars]",,2026-02-17 16:33:32+00:00,wmo,France,WCE,Europe
